[{"model": "main.event", "pk": 1, "fields": {"name": "My Hackathon"}}, {"model": "main.organization", "pk": 1, "fields": {"name": "Organizers"}}, {"model": "main.organization", "pk": 2, "fields": {"name": "Google"}}, {"model": "main.organization", "pk": 3, "fields": {"name": "Pinterest"}}, {"model": "main.organization", "pk": 4, "fields": {"name": "Facebook"}}, {"model": "main.organization", "pk": 5, "fields": {"name": "Capital One"}}, {"model": "main.organization", "pk": 6, "fields": {"name": "Fannie Mae"}}, {"model": "main.team", "pk": 1, "fields": {"name": "Tom & Jerry", "table": "A1", "members": "Tom, Jerry", "link": "http://devpost.com/tomandjerry", "is_anchor": false}}, {"model": "main.team", "pk": 2, "fields": {"name": "G.R.O.S.S.", "table": "A2", "members": "Calvin, Hobbes", "link": "http://devpost.com/gross", "is_anchor": false}}, {"model": "main.team", "pk": 3, "fields": {"name": "Team Rocket", "table": "E1", "members": "jessie,james,meowth", "link": "http://devpost.com/blastingoffagain", "is_anchor": false}}, {"model": "main.team", "pk": 4, "fields": {"name": "Team Edward", "table": "", "members": "Old,Twilight,References", "link": "http://devpost.com/twilight", "is_anchor": false}}, {"model": "main.team", "pk": 5, "fields": {"name": "Fortress 2", "table": "A3", "members": "Scout,Soldier,Pyro,Demoman,Heavy,Engineer,Medic,Sniper,Spy", "link": "http://devpost.com/tf2", "is_anchor": false}}, {"model": "main.team", "pk": 6, "fields": {"name": "comical", "table": "", "members": "person1,person2,person3,person4", "link": "http://devpost.com/comical", "is_anchor": false}}, {"model": "main.team", "pk": 7, "fields": {"name": "sober.AI", "table": "", "members": "person1,person2,person3,person4", "link": "http://devpost.com/soberai", "is_anchor": false}}, {"model": "main.team", "pk": 8, "fields": {"name": "farmaid", "table": "", "members": "person1,person2,person3,person4", "link": "http://devpost.com/farmaid", "is_anchor": false}}, {"model": "main.team", "pk": 9, "fields": {"name": "DiagnosPics", "table": "", "members": "person1,person2,person3,person4", "link": "http://devpost.com/diagnospics", "is_anchor": false}}, {"model": "main.team", "pk": 10, "fields": {"name": "MagneTalk", "table": "", "members": "person1,person2,person3,person4", "link": "http://devpost.com/magnetalk", "is_anchor": false}}, {"model": "main.team", "pk": 11, "fields": {"name": "Paper Launchpad", "table": "", "members": "person1,person2,person3,person4", "link": "http://devpost.com/paperlaunchpad", "is_anchor": false}}, {"model": "main.team", "pk": 12, "fields": {"name": "HexLedger", "table": "", "members": "person1,person2,person3,person4", "link": "http://devpost.com/hexledger", "is_anchor": false}}, {"model": "main.team", "pk": 13, "fields": {"name": "EcoFlo", "table": "", "members": "person1,person2,person3,person4", "link": "http://devpost.com/ecoflo", "is_anchor": false}}, {"model": "main.team", "pk": 14, "fields": {"name": "Steppr", "table": "", "members": "person1,person2,person3,person4", "link": "http://devpost.com/steppr", "is_anchor": false}}, {"model": "main.team", "pk": 15, "fields": {"name": "driveMAS", "table": "", "members": "person1,person2,person3,person4", "link": "http://devpost.com/driveMAS", "is_anchor": false}}, {"model": "main.team", "pk": 16, "fields": {"name": "SimpliCT", "table": "", "members": "person1,person2,person3,person4", "link": "http://devpost.com/simplict", "is_anchor": false}}, {"model": "main.team", "pk": 17, "fields": {"name": "stepify", "table": "", "members": "person1,person2,person3,person4", "link": "http://devpost.com/stepify", "is_anchor": false}}, {"model": "main.team", "pk": 18, "fields": {"name": "charifund", "table": "", "members": "person1,person2,person3,person4", "link": "http://devpost.com/charifund", "is_anchor": false}}, {"model": "main.team", "pk": 19, "fields": {"name": "No-BrainR", "table": "", "members": "person1,person2,person3,person4", "link": "http://devpost.com/nobrainr", "is_anchor": false}}, {"model": "main.team", "pk": 20, "fields": {"name": "AgroBuddy", "table": "", "members": "person1,person2,person3,person4", "link": "http://devpost.com/agrobuddy", "is_anchor": false}}, {"model": "main.team", "pk": 21, "fields": {"name": "VR Blockcaptain", "table": "", "members": "person1,person2,person3,person4", "link": "http://devpost.com/vr-blockcaptain", "is_anchor": false}}, {"model": "main.team", "pk": 22, "fields": {"name": "Relief Mesh", "table": "", "members": "person1,person2,person3,person4", "link": "http://devpost.com/relief-mesh", "is_anchor": false}}, {"model": "main.team", "pk": 23, "fields": {"name": "Insura-ledger", "table": "", "members": "person1,person2,person3,person4", "link": "http://devpost.com/insuraledger", "is_anchor": false}}, {"model": "main.team", "pk": 24, "fields": {"name": "ShoMe", "table": "", "members": "person1,person2,person3,person4", "link": "http://devpost.com/shome", "is_anchor": false}}, {"model": "main.team", "pk": 25, "fields": {"name": "face2face", "table": "", "members": "person1,person2,person3,person4", "link": "http://devpost.com/face2face", "is_anchor": false}}, {"model": "main.team", "pk": 26, "fields": {"name": "EcoSort", "table": "", "members": "person1,person2,person3,person4", "link": "http://devpost.com/EcoSort", "is_anchor": false}}, {"model": "main.team", "pk": 27, "fields": {"name": "Queery", "table": "", "members": "person1,person2,person3,person4", "link": "http://devpost.com/queery", "is_anchor": false}}, {"model": "main.category", "pk": 1, "fields": {"name": "Best Finance Hack", "description": "", "organization": 5, "number_winners": 1, "submissions": [1, 5]}}, {"model": "main.category", "pk": 2, "fields": {"name": "Best Use of GCP", "description": "", "organization": 2, "number_winners": 1, "submissions": [2, 3, 4, 5]}}, {"model": "main.category", "pk": 3, "fields": {"name": "Best Health Hack", "description": "", "organization": 1, "number_winners": 1, "submissions": []}}, {"model": "main.category", "pk": 4, "fields": {"name": "Best Overall", "description": "", "organization": 1, "number_winners": 3, "submissions": [1, 2, 3, 4, 5]}}, {"model": "main.criteria", "pk": 1, "fields": {"name": "Creativity of Idea", "description": "", "min_score": 1, "max_score": 5, "weight": "2.00"}}, {"model": "main.criteria", "pk": 2, "fields": {"name": "Functionality", "description": "", "min_score": 1, "max_score": 5, "weight": "1.00"}}, {"model": "main.criteria", "pk": 3, "fields": {"name": "Impact", "description": "", "min_score": 1, "max_score": 5, "weight": "1.00"}}, {"model": "main.criterialabel", "pk": 1, "fields": {"criteria": 1, "score": 1, "label": "Boring"}}, {"model": "main.criterialabel", "pk": 2, "fields": {"criteria": 1, "score": 5, "label": "OMG this is going to be the next big thing"}}, {"model": "auth.permission", "pk": 1, "fields": {"name": "Can add user", "content_type": 1, "codename": "add_user"}}, {"model": "auth.permission", "pk": 2, "fields": {"name": "Can change user", "content_type": 1, "codename": "change_user"}}, {"model": "auth.permission", "pk": 3, "fields": {"name": "Can delete user", "content_type": 1, "codename": "delete_user"}}, {"model": "auth.permission", "pk": 4, "fields": {"name": "Can view user", "content_type": 1, "codename": "view_user"}}, {"model": "auth.permission", "pk": 5, "fields": {"name": "Can add category", "content_type": 2, "codename": "add_category"}}, {"model": "auth.permission", "pk": 6, "fields": {"name": "Can change category", "content_type": 2, "codename": "change_category"}}, {"model": "auth.permission", "pk": 7, "fields": {"name": "Can delete category", "content_type": 2, "codename": "delete_category"}}, {"model": "auth.permission", "pk": 8, "fields": {"name": "Can view category", "content_type": 2, "codename": "view_category"}}, {"model": "auth.permission", "pk": 9, "fields": {"name": "Can add event", "content_type": 3, "codename": "add_event"}}, {"model": "auth.permission", "pk": 10, "fields": {"name": "Can change event", "content_type": 3, "codename": "change_event"}}, {"model": "auth.permission", "pk": 11, "fields": {"name": "Can delete event", "content_type": 3, "codename": "delete_event"}}, {"model": "auth.permission", "pk": 12, "fields": {"name": "Can view event", "content_type": 3, "codename": "view_event"}}, {"model": "auth.permission", "pk": 13, "fields": {"name": "Can add criteria label", "content_type": 4, "codename": "add_criterialabel"}}, {"model": "auth.permission", "pk": 14, "fields": {"name": "Can change criteria label", "content_type": 4, "codename": "change_criterialabel"}}, {"model": "auth.permission", "pk": 15, "fields": {"name": "Can delete criteria label", "content_type": 4, "codename": "delete_criterialabel"}}, {"model": "auth.permission", "pk": 16, "fields": {"name": "Can view criteria label", "content_type": 4, "codename": "view_criterialabel"}}, {"model": "auth.permission", "pk": 17, "fields": {"name": "Can add criteria", "content_type": 5, "codename": "add_criteria"}}, {"model": "auth.permission", "pk": 18, "fields": {"name": "Can change criteria", "content_type": 5, "codename": "change_criteria"}}, {"model": "auth.permission", "pk": 19, "fields": {"name": "Can delete criteria", "content_type": 5, "codename": "delete_criteria"}}, {"model": "auth.permission", "pk": 20, "fields": {"name": "Can view criteria", "content_type": 5, "codename": "view_criteria"}}, {"model": "auth.permission", "pk": 21, "fields": {"name": "Can add demo", "content_type": 6, "codename": "add_demo"}}, {"model": "auth.permission", "pk": 22, "fields": {"name": "Can change demo", "content_type": 6, "codename": "change_demo"}}, {"model": "auth.permission", "pk": 23, "fields": {"name": "Can delete demo", "content_type": 6, "codename": "delete_demo"}}, {"model": "auth.permission", "pk": 24, "fields": {"name": "Can view demo", "content_type": 6, "codename": "view_demo"}}, {"model": "auth.permission", "pk": 25, "fields": {"name": "Can add demo score", "content_type": 7, "codename": "add_demoscore"}}, {"model": "auth.permission", "pk": 26, "fields": {"name": "Can change demo score", "content_type": 7, "codename": "change_demoscore"}}, {"model": "auth.permission", "pk": 27, "fields": {"name": "Can delete demo score", "content_type": 7, "codename": "delete_demoscore"}}, {"model": "auth.permission", "pk": 28, "fields": {"name": "Can view demo score", "content_type": 7, "codename": "view_demoscore"}}, {"model": "auth.permission", "pk": 29, "fields": {"name": "Can add team", "content_type": 8, "codename": "add_team"}}, {"model": "auth.permission", "pk": 30, "fields": {"name": "Can change team", "content_type": 8, "codename": "change_team"}}, {"model": "auth.permission", "pk": 31, "fields": {"name": "Can delete team", "content_type": 8, "codename": "delete_team"}}, {"model": "auth.permission", "pk": 32, "fields": {"name": "Can view team", "content_type": 8, "codename": "view_team"}}, {"model": "auth.permission", "pk": 33, "fields": {"name": "Can add organization", "content_type": 9, "codename": "add_organization"}}, {"model": "auth.permission", "pk": 34, "fields": {"name": "Can change organization", "content_type": 9, "codename": "change_organization"}}, {"model": "auth.permission", "pk": 35, "fields": {"name": "Can delete organization", "content_type": 9, "codename": "delete_organization"}}, {"model": "auth.permission", "pk": 36, "fields": {"name": "Can view organization", "content_type": 9, "codename": "view_organization"}}, {"model": "auth.permission", "pk": 37, "fields": {"name": "Can add log entry", "content_type": 10, "codename": "add_logentry"}}, {"model": "auth.permission", "pk": 38, "fields": {"name": "Can change log entry", "content_type": 10, "codename": "change_logentry"}}, {"model": "auth.permission", "pk": 39, "fields": {"name": "Can delete log entry", "content_type": 10, "codename": "delete_logentry"}}, {"model": "auth.permission", "pk": 40, "fields": {"name": "Can view log entry", "content_type": 10, "codename": "view_logentry"}}, {"model": "auth.permission", "pk": 41, "fields": {"name": "Can add permission", "content_type": 11, "codename": "add_permission"}}, {"model": "auth.permission", "pk": 42, "fields": {"name": "Can change permission", "content_type": 11, "codename": "change_permission"}}, {"model": "auth.permission", "pk": 43, "fields": {"name": "Can delete permission", "content_type": 11, "codename": "delete_permission"}}, {"model": "auth.permission", "pk": 44, "fields": {"name": "Can view permission", "content_type": 11, "codename": "view_permission"}}, {"model": "auth.permission", "pk": 45, "fields": {"name": "Can add group", "content_type": 12, "codename": "add_group"}}, {"model": "auth.permission", "pk": 46, "fields": {"name": "Can change group", "content_type": 12, "codename": "change_group"}}, {"model": "auth.permission", "pk": 47, "fields": {"name": "Can delete group", "content_type": 12, "codename": "delete_group"}}, {"model": "auth.permission", "pk": 48, "fields": {"name": "Can view group", "content_type": 12, "codename": "view_group"}}, {"model": "auth.permission", "pk": 49, "fields": {"name": "Can add content type", "content_type": 13, "codename": "add_contenttype"}}, {"model": "auth.permission", "pk": 50, "fields": {"name": "Can change content type", "content_type": 13, "codename": "change_contenttype"}}, {"model": "auth.permission", "pk": 51, "fields": {"name": "Can delete content type", "content_type": 13, "codename": "delete_contenttype"}}, {"model": "auth.permission", "pk": 52, "fields": {"name": "Can view content type", "content_type": 13, "codename": "view_contenttype"}}, {"model": "auth.permission", "pk": 53, "fields": {"name": "Can add session", "content_type": 14, "codename": "add_session"}}, {"model": "auth.permission", "pk": 54, "fields": {"name": "Can change session", "content_type": 14, "codename": "change_session"}}, {"model": "auth.permission", "pk": 55, "fields": {"name": "Can delete session", "content_type": 14, "codename": "delete_session"}}, {"model": "auth.permission", "pk": 56, "fields": {"name": "Can view session", "content_type": 14, "codename": "view_session"}}, {"model": "auth.permission", "pk": 57, "fields": {"name": "Can add category", "content_type": 5, "codename": "add_category"}}, {"model": "auth.permission", "pk": 58, "fields": {"name": "Can change category", "content_type": 5, "codename": "change_category"}}, {"model": "auth.permission", "pk": 59, "fields": {"name": "Can delete category", "content_type": 5, "codename": "delete_category"}}, {"model": "auth.permission", "pk": 60, "fields": {"name": "Can view category", "content_type": 5, "codename": "view_category"}}, {"model": "auth.permission", "pk": 61, "fields": {"name": "Can add team", "content_type": 1, "codename": "add_team"}}, {"model": "auth.permission", "pk": 62, "fields": {"name": "Can change team", "content_type": 1, "codename": "change_team"}}, {"model": "auth.permission", "pk": 63, "fields": {"name": "Can delete team", "content_type": 1, "codename": "delete_team"}}, {"model": "auth.permission", "pk": 64, "fields": {"name": "Can view team", "content_type": 1, "codename": "view_team"}}, {"model": "auth.permission", "pk": 65, "fields": {"name": "Can add demo score", "content_type": 2, "codename": "add_demoscore"}}, {"model": "auth.permission", "pk": 66, "fields": {"name": "Can change demo score", "content_type": 2, "codename": "change_demoscore"}}, {"model": "auth.permission", "pk": 67, "fields": {"name": "Can delete demo score", "content_type": 2, "codename": "delete_demoscore"}}, {"model": "auth.permission", "pk": 68, "fields": {"name": "Can view demo score", "content_type": 2, "codename": "view_demoscore"}}, {"model": "auth.permission", "pk": 69, "fields": {"name": "Can add event", "content_type": 4, "codename": "add_event"}}, {"model": "auth.permission", "pk": 70, "fields": {"name": "Can change event", "content_type": 4, "codename": "change_event"}}, {"model": "auth.permission", "pk": 71, "fields": {"name": "Can delete event", "content_type": 4, "codename": "delete_event"}}, {"model": "auth.permission", "pk": 72, "fields": {"name": "Can view event", "content_type": 4, "codename": "view_event"}}, {"model": "auth.permission", "pk": 73, "fields": {"name": "Can add organization", "content_type": 3, "codename": "add_organization"}}, {"model": "auth.permission", "pk": 74, "fields": {"name": "Can change organization", "content_type": 3, "codename": "change_organization"}}, {"model": "auth.permission", "pk": 75, "fields": {"name": "Can delete organization", "content_type": 3, "codename": "delete_organization"}}, {"model": "auth.permission", "pk": 76, "fields": {"name": "Can view organization", "content_type": 3, "codename": "view_organization"}}, {"model": "auth.permission", "pk": 77, "fields": {"name": "Can add criteria label", "content_type": 7, "codename": "add_criterialabel"}}, {"model": "auth.permission", "pk": 78, "fields": {"name": "Can change criteria label", "content_type": 7, "codename": "change_criterialabel"}}, {"model": "auth.permission", "pk": 79, "fields": {"name": "Can delete criteria label", "content_type": 7, "codename": "delete_criterialabel"}}, {"model": "auth.permission", "pk": 80, "fields": {"name": "Can view criteria label", "content_type": 7, "codename": "view_criterialabel"}}, {"model": "auth.permission", "pk": 81, "fields": {"name": "Can add user", "content_type": 9, "codename": "add_user"}}, {"model": "auth.permission", "pk": 82, "fields": {"name": "Can change user", "content_type": 9, "codename": "change_user"}}, {"model": "auth.permission", "pk": 83, "fields": {"name": "Can delete user", "content_type": 9, "codename": "delete_user"}}, {"model": "auth.permission", "pk": 84, "fields": {"name": "Can view user", "content_type": 9, "codename": "view_user"}}, {"model": "auth.permission", "pk": 85, "fields": {"name": "Can add criteria", "content_type": 8, "codename": "add_criteria"}}, {"model": "auth.permission", "pk": 86, "fields": {"name": "Can change criteria", "content_type": 8, "codename": "change_criteria"}}, {"model": "auth.permission", "pk": 87, "fields": {"name": "Can delete criteria", "content_type": 8, "codename": "delete_criteria"}}, {"model": "auth.permission", "pk": 88, "fields": {"name": "Can view criteria", "content_type": 8, "codename": "view_criteria"}}, {"model": "sessions.session", "pk": "hv95nju75ubjg20o4zqvl0zxcebdmwh0", "fields": {"session_data": "MmU0ODNmZTViZTk0NzU4NGM5MjkzZWM1NDE3YzBiMjJlNjk5ZjNkYTp7Il9hdXRoX3VzZXJfaWQiOiIxIiwiX2F1dGhfdXNlcl9oYXNoIjoiNjQwMWQ3MWFiMjk5ZWMyOTQ3YzUzODdmMGFlZThlZmJiZTQ2ZWQ0NSIsIl9hdXRoX3VzZXJfYmFja2VuZCI6ImRqYW5nby5jb250cmliLmF1dGguYmFja2VuZHMuTW9kZWxCYWNrZW5kIn0=", "expire_date": "2019-03-26T20:13:22.119Z"}}, {"model": "sessions.session", "pk": "mnb9b06xbc9osvcjmohjuz3ig9op57fz", "fields": {"session_data": "ODAwNWViNDIxNWZhMGQ4ZWYxZjRiZmY2ZmYwNWYzYTM2NjE4MDY1Yjp7Il9hdXRoX3VzZXJfaGFzaCI6IjY0MDFkNzFhYjI5OWVjMjk0N2M1Mzg3ZjBhZWU4ZWZiYmU0NmVkNDUiLCJfYXV0aF91c2VyX2JhY2tlbmQiOiJkamFuZ28uY29udHJpYi5hdXRoLmJhY2tlbmRzLk1vZGVsQmFja2VuZCIsIl9hdXRoX3VzZXJfaWQiOiIxIn0=", "expire_date": "2019-03-25T22:50:35.856Z"}}, {"model": "sessions.session", "pk": "rhyhe16omibp4b0ewwv1ag12mt6pw67g", "fields": {"session_data": "ZWUxNTJmOTVhYWQ0NzQ4ZTEwZTc3YjIyMzU2MjQwMGFhOGEyNWNmMjp7Il9hdXRoX3VzZXJfaWQiOiIxMyIsIl9hdXRoX3VzZXJfaGFzaCI6IjA3MDgwYjhiOGE4YjU4MTZhZWIxYWJmNjlmNWRhZTk3MmMxYzUyZWYiLCJfYXV0aF91c2VyX2JhY2tlbmQiOiJkamFuZ28uY29udHJpYi5hdXRoLmJhY2tlbmRzLk1vZGVsQmFja2VuZCJ9", "expire_date": "2019-03-26T22:46:26.371Z"}}, {"model": "main.user", "pk": 1, "fields": {"password": "pbkdf2_sha256$120000$rIY8qX6dAzrP$yqpe9O3fO/xFhi42QJrxLrxWTbHFsvHsS7ZDCxVVM9U=", "last_login": "2019-03-12T20:13:22.112Z", "is_superuser": true, "username": "admin", "first_name": "", "last_name": "", "email": "", "is_staff": true, "is_active": true, "date_joined": "2019-03-11T22:50:28Z", "organization": 1, "groups": [], "user_permissions": []}}, {"model": "main.user", "pk": 2, "fields": {"password": "pbkdf2_sha256$120000$UdagVggjAJtH$YYxpbcs/l+jP3g/wuAgEikBy3EDAQUmWaJTO+3jeJoo=", "last_login": "2019-03-12T20:01:22.583Z", "is_superuser": false, "username": "sb", "first_name": "Sergey", "last_name": "Brin", "email": "", "is_staff": false, "is_active": true, "date_joined": "2019-03-12T20:00:51.200Z", "organization": 2, "groups": [], "user_permissions": []}}, {"model": "main.user", "pk": 3, "fields": {"password": "pbkdf2_sha256$120000$5Vxr3GROsai5$jO2meF57mSks+93COur2AusRc4REYNIuXDHB3Bho1CI=", "last_login": "2019-03-12T20:15:35.147Z", "is_superuser": false, "username": "bs", "first_name": "Ben", "last_name": "Silbermann", "email": "", "is_staff": false, "is_active": true, "date_joined": "2019-03-12T20:15:34.801Z", "organization": 3, "groups": [], "user_permissions": []}}, {"model": "main.user", "pk": 4, "fields": {"password": "pbkdf2_sha256$120000$ptYW11UKC6OH$VVlf0sw3cqubiCHiYWKEIL6JsDfvAe23UQDZRAQsxtc=", "last_login": "2019-03-12T20:15:52.665Z", "is_superuser": false, "username": "mz", "first_name": "Mark", "last_name": "Zuckerberg", "email": "", "is_staff": false, "is_active": true, "date_joined": "2019-03-12T20:15:52.314Z", "organization": 4, "groups": [], "user_permissions": []}}, {"model": "main.user", "pk": 5, "fields": {"password": "pbkdf2_sha256$120000$hfXgHA4JfYe1$HuNdIWUep4B17G+Zm7ZzTRJCAc2LARbj0vDoIELAKKg=", "last_login": "2019-03-12T20:16:07.456Z", "is_superuser": false, "username": "lp", "first_name": "Larry", "last_name": "Page", "email": "", "is_staff": false, "is_active": true, "date_joined": "2019-03-12T20:16:07.075Z", "organization": 2, "groups": [], "user_permissions": []}}, {"model": "main.user", "pk": 8, "fields": {"password": "pbkdf2_sha256$120000$CQa5Qj8wKT9Y$C8Du6koMw4Yjs3TkZlt6XMUEWUq7al+tZ/4iyKKy4Fw=", "last_login": "2019-03-12T22:44:22.517Z", "is_superuser": false, "username": "rf", "first_name": "Richard", "last_name": "Fairbank", "email": "", "is_staff": false, "is_active": true, "date_joined": "2019-03-12T22:44:22.212Z", "organization": 5, "groups": [], "user_permissions": []}}, {"model": "main.user", "pk": 9, "fields": {"password": "pbkdf2_sha256$120000$VXpcQWSRYEuE$I3NjDU88Uto8tE+OryTpCI5NWy0YD1y90+sgC/2XgSA=", "last_login": "2019-03-12T22:44:38.053Z", "is_superuser": false, "username": "nm", "first_name": "Nigel", "last_name": "Morris", "email": "", "is_staff": false, "is_active": true, "date_joined": "2019-03-12T22:44:37.719Z", "organization": 5, "groups": [], "user_permissions": []}}, {"model": "main.user", "pk": 10, "fields": {"password": "pbkdf2_sha256$120000$psQtuepkw8ix$84b4x8xsUGmaWbvkAJcpPVxxMm85tQwzP9pLni7/MRo=", "last_login": "2019-03-12T22:45:18.066Z", "is_superuser": false, "username": "fdr", "first_name": "Franklin", "last_name": "Roosevelt", "email": "", "is_staff": false, "is_active": true, "date_joined": "2019-03-12T22:45:17.730Z", "organization": 6, "groups": [], "user_permissions": []}}, {"model": "main.user", "pk": 11, "fields": {"password": "pbkdf2_sha256$120000$bYzub5fn9GMJ$rx9NXvvMKuoI+JD3zYJnqHhP+QDBrHRPzIJq0yrNTaI=", "last_login": "2019-03-12T22:45:46.514Z", "is_superuser": false, "username": "am", "first_name": "Andrew", "last_name": "McCollum", "email": "", "is_staff": false, "is_active": true, "date_joined": "2019-03-12T22:45:46.146Z", "organization": 4, "groups": [], "user_permissions": []}}, {"model": "main.user", "pk": 12, "fields": {"password": "pbkdf2_sha256$120000$LtOe8YhrFyyZ$GFSRxz9Kokmq6LUT8ABaCm7cxHN+CR1+0X3WU1SeGts=", "last_login": "2019-03-12T22:46:07.702Z", "is_superuser": false, "username": "dm", "first_name": "Dustin", "last_name": "Moskovitz", "email": "", "is_staff": false, "is_active": true, "date_joined": "2019-03-12T22:46:07.378Z", "organization": 4, "groups": [], "user_permissions": []}}, {"model": "main.user", "pk": 13, "fields": {"password": "pbkdf2_sha256$120000$8P4DQz8HIKNY$zw7hsT2zWIWHfWdBWNj04rcadP3O8XOq9zVQSA1bmXQ=", "last_login": "2019-03-12T22:46:26.365Z", "is_superuser": false, "username": "es", "first_name": "Eduardo", "last_name": "Saverin", "email": "", "is_staff": false, "is_active": true, "date_joined": "2019-03-12T22:46:26.070Z", "organization": 4, "groups": [], "user_permissions": []}}, {"model": "admin.logentry", "pk": 1, "fields": {"action_time": "2019-03-11T22:50:51.159Z", "user": 1, "content_type": 3, "object_id": "1", "object_repr": "Event object (1)", "action_flag": 1, "change_message": "[{\"added\": {}}]"}}, {"model": "admin.logentry", "pk": 2, "fields": {"action_time": "2019-03-11T22:50:58.981Z", "user": 1, "content_type": 9, "object_id": "1", "object_repr": "Organization object (1)", "action_flag": 1, "change_message": "[{\"added\": {}}]"}}, {"model": "admin.logentry", "pk": 3, "fields": {"action_time": "2019-03-11T22:53:15.774Z", "user": 1, "content_type": 1, "object_id": "1", "object_repr": "  <Organizers>", "action_flag": 2, "change_message": "[{\"changed\": {\"fields\": [\"organization\"]}}]"}}, {"model": "admin.logentry", "pk": 4, "fields": {"action_time": "2019-03-12T20:00:10.271Z", "user": 1, "content_type": 2, "object_id": "1", "object_repr": "Creativity of Idea", "action_flag": 1, "change_message": "[{\"added\": {}}]"}}, {"model": "admin.logentry", "pk": 5, "fields": {"action_time": "2019-03-12T20:00:12.693Z", "user": 1, "content_type": 2, "object_id": "2", "object_repr": "Functionality", "action_flag": 1, "change_message": "[{\"added\": {}}]"}}, {"model": "admin.logentry", "pk": 6, "fields": {"action_time": "2019-03-12T20:00:16.259Z", "user": 1, "content_type": 2, "object_id": "3", "object_repr": "Impact", "action_flag": 1, "change_message": "[{\"added\": {}}]"}}, {"model": "admin.logentry", "pk": 7, "fields": {"action_time": "2019-03-12T20:00:27.238Z", "user": 1, "content_type": 9, "object_id": "1", "object_repr": "[Creativity of Idea - 1] Boring", "action_flag": 1, "change_message": "[{\"added\": {}}]"}}, {"model": "admin.logentry", "pk": 8, "fields": {"action_time": "2019-03-12T20:00:30.901Z", "user": 1, "content_type": 9, "object_id": "2", "object_repr": "[Creativity of Idea - 5] OMG this is going to be the next big thing", "action_flag": 1, "change_message": "[{\"added\": {}}]"}}, {"model": "admin.logentry", "pk": 9, "fields": {"action_time": "2019-03-12T20:01:16.082Z", "user": 1, "content_type": 3, "object_id": "2", "object_repr": "Google", "action_flag": 1, "change_message": "[{\"added\": {}}]"}}, {"model": "admin.logentry", "pk": 10, "fields": {"action_time": "2019-03-12T20:13:49.745Z", "user": 1, "content_type": 1, "object_id": "1", "object_repr": "[ID#1] Tom & Jerry", "action_flag": 1, "change_message": "[{\"added\": {}}]"}}, {"model": "admin.logentry", "pk": 11, "fields": {"action_time": "2019-03-12T20:14:23.265Z", "user": 1, "content_type": 1, "object_id": "2", "object_repr": "[ID#2] G.R.O.S.S.", "action_flag": 1, "change_message": "[{\"added\": {}}]"}}, {"model": "admin.logentry", "pk": 12, "fields": {"action_time": "2019-03-12T20:14:39.315Z", "user": 1, "content_type": 1, "object_id": "3", "object_repr": "[ID#3] Team Rocket", "action_flag": 1, "change_message": "[{\"added\": {}}]"}}, {"model": "admin.logentry", "pk": 13, "fields": {"action_time": "2019-03-12T20:14:52.146Z", "user": 1, "content_type": 3, "object_id": "3", "object_repr": "Pinterest", "action_flag": 1, "change_message": "[{\"added\": {}}]"}}, {"model": "admin.logentry", "pk": 14, "fields": {"action_time": "2019-03-12T20:14:55.498Z", "user": 1, "content_type": 3, "object_id": "4", "object_repr": "Facebook", "action_flag": 1, "change_message": "[{\"added\": {}}]"}}, {"model": "admin.logentry", "pk": 15, "fields": {"action_time": "2019-03-12T20:49:26.827Z", "user": 1, "content_type": 2, "object_id": "6", "object_repr": "Larry Page <Google> - Tom & Jerry = Impact - 3", "action_flag": 3, "change_message": ""}}, {"model": "admin.logentry", "pk": 16, "fields": {"action_time": "2019-03-12T20:49:26.836Z", "user": 1, "content_type": 2, "object_id": "5", "object_repr": "Larry Page <Google> - Tom & Jerry = Functionality - 4", "action_flag": 3, "change_message": ""}}, {"model": "admin.logentry", "pk": 17, "fields": {"action_time": "2019-03-12T20:49:26.842Z", "user": 1, "content_type": 2, "object_id": "4", "object_repr": "Larry Page <Google> - Tom & Jerry = Creativity of Idea - 5", "action_flag": 3, "change_message": ""}}, {"model": "admin.logentry", "pk": 18, "fields": {"action_time": "2019-03-12T20:49:26.850Z", "user": 1, "content_type": 2, "object_id": "3", "object_repr": "Larry Page <Google> - Tom & Jerry = Impact - 5", "action_flag": 3, "change_message": ""}}, {"model": "admin.logentry", "pk": 19, "fields": {"action_time": "2019-03-12T20:49:26.854Z", "user": 1, "content_type": 2, "object_id": "2", "object_repr": "Larry Page <Google> - Tom & Jerry = Functionality - 4", "action_flag": 3, "change_message": ""}}, {"model": "admin.logentry", "pk": 20, "fields": {"action_time": "2019-03-12T20:49:26.860Z", "user": 1, "content_type": 2, "object_id": "1", "object_repr": "Larry Page <Google> - Tom & Jerry = Creativity of Idea - 5", "action_flag": 3, "change_message": ""}}, {"model": "admin.logentry", "pk": 21, "fields": {"action_time": "2019-03-12T22:42:27.226Z", "user": 1, "content_type": 3, "object_id": "5", "object_repr": "Capital One", "action_flag": 1, "change_message": "[{\"added\": {}}]"}}, {"model": "admin.logentry", "pk": 22, "fields": {"action_time": "2019-03-12T22:42:30.664Z", "user": 1, "content_type": 3, "object_id": "6", "object_repr": "Fannie Mae", "action_flag": 1, "change_message": "[{\"added\": {}}]"}}, {"model": "admin.logentry", "pk": 23, "fields": {"action_time": "2019-03-12T22:44:12.250Z", "user": 1, "content_type": 9, "object_id": "7", "object_repr": "Richard Fairbank <Capital One>", "action_flag": 3, "change_message": ""}}, {"model": "admin.logentry", "pk": 24, "fields": {"action_time": "2019-03-12T22:44:12.257Z", "user": 1, "content_type": 9, "object_id": "6", "object_repr": "Hugh Frater <Fannie Mae>", "action_flag": 3, "change_message": ""}}, {"model": "admin.logentry", "pk": 25, "fields": {"action_time": "2019-03-12T22:48:08.301Z", "user": 1, "content_type": 1, "object_id": "4", "object_repr": "[ID#4] Team Edward", "action_flag": 1, "change_message": "[{\"added\": {}}]"}}, {"model": "admin.logentry", "pk": 26, "fields": {"action_time": "2019-03-12T22:50:29.793Z", "user": 1, "content_type": 1, "object_id": "5", "object_repr": "[ID#5] Fortress 2", "action_flag": 1, "change_message": "[{\"added\": {}}]"}}, {"model": "admin.logentry", "pk": 27, "fields": {"action_time": "2019-03-12T22:51:07.014Z", "user": 1, "content_type": 5, "object_id": "1", "object_repr": "[Capital One] Best Finance Hack", "action_flag": 1, "change_message": "[{\"added\": {}}]"}}, {"model": "admin.logentry", "pk": 28, "fields": {"action_time": "2019-03-12T22:51:42.579Z", "user": 1, "content_type": 5, "object_id": "2", "object_repr": "[Google] Best Use of GCP", "action_flag": 1, "change_message": "[{\"added\": {}}]"}}, {"model": "admin.logentry", "pk": 29, "fields": {"action_time": "2019-03-12T22:52:18.903Z", "user": 1, "content_type": 5, "object_id": "3", "object_repr": "[Organizers] Best Health Hack", "action_flag": 1, "change_message": "[{\"added\": {}}]"}}, {"model": "admin.logentry", "pk": 30, "fields": {"action_time": "2019-03-12T22:52:33.996Z", "user": 1, "content_type": 5, "object_id": "4", "object_repr": "[Organizers] Best Overall", "action_flag": 1, "change_message": "[{\"added\": {}}]"}}, {"model": "admin.logentry", "pk": 31, "fields": {"action_time": "2019-03-12T22:52:54.053Z", "user": 1, "content_type": 5, "object_id": "4", "object_repr": "[Organizers] Best Overall", "action_flag": 2, "change_message": "[{\"changed\": {\"fields\": [\"submissions\"]}}]"}}, {"model": "admin.logentry", "pk": 32, "fields": {"action_time": "2019-03-12T22:53:13.812Z", "user": 1, "content_type": 5, "object_id": "2", "object_repr": "[Google] Best Use of GCP", "action_flag": 2, "change_message": "[{\"changed\": {\"fields\": [\"submissions\"]}}]"}}, {"model": "admin.logentry", "pk": 33, "fields": {"action_time": "2019-03-12T22:53:19.439Z", "user": 1, "content_type": 5, "object_id": "1", "object_repr": "[Capital One] Best Finance Hack", "action_flag": 2, "change_message": "[{\"changed\": {\"fields\": [\"submissions\"]}}]"}}, {"model": "admin.logentry", "pk": 34, "fields": {"action_time": "2019-03-12T22:56:05.971Z", "user": 1, "content_type": 1, "object_id": "6", "object_repr": "[ID#6] comical", "action_flag": 1, "change_message": "[{\"added\": {}}]"}}, {"model": "admin.logentry", "pk": 35, "fields": {"action_time": "2019-03-12T22:56:14.209Z", "user": 1, "content_type": 1, "object_id": "7", "object_repr": "[ID#7] sober.AI", "action_flag": 1, "change_message": "[{\"added\": {}}]"}}, {"model": "admin.logentry", "pk": 36, "fields": {"action_time": "2019-03-12T22:56:26.942Z", "user": 1, "content_type": 1, "object_id": "8", "object_repr": "[ID#8] farmaid", "action_flag": 1, "change_message": "[{\"added\": {}}]"}}, {"model": "admin.logentry", "pk": 37, "fields": {"action_time": "2019-03-12T22:56:38.450Z", "user": 1, "content_type": 1, "object_id": "9", "object_repr": "[ID#9] DiagnosPics", "action_flag": 1, "change_message": "[{\"added\": {}}]"}}, {"model": "admin.logentry", "pk": 38, "fields": {"action_time": "2019-03-12T22:56:50.473Z", "user": 1, "content_type": 1, "object_id": "10", "object_repr": "[ID#10] MagneTalk", "action_flag": 1, "change_message": "[{\"added\": {}}]"}}, {"model": "admin.logentry", "pk": 39, "fields": {"action_time": "2019-03-12T22:57:03.177Z", "user": 1, "content_type": 1, "object_id": "11", "object_repr": "[ID#11] Paper Launchpad", "action_flag": 1, "change_message": "[{\"added\": {}}]"}}, {"model": "admin.logentry", "pk": 40, "fields": {"action_time": "2019-03-12T22:57:13.790Z", "user": 1, "content_type": 1, "object_id": "12", "object_repr": "[ID#12] HexLedger", "action_flag": 1, "change_message": "[{\"added\": {}}]"}}, {"model": "admin.logentry", "pk": 41, "fields": {"action_time": "2019-03-12T22:57:22.818Z", "user": 1, "content_type": 1, "object_id": "13", "object_repr": "[ID#13] EcoFlo", "action_flag": 1, "change_message": "[{\"added\": {}}]"}}, {"model": "admin.logentry", "pk": 42, "fields": {"action_time": "2019-03-12T22:57:33.116Z", "user": 1, "content_type": 1, "object_id": "14", "object_repr": "[ID#14] Steppr", "action_flag": 1, "change_message": "[{\"added\": {}}]"}}, {"model": "admin.logentry", "pk": 43, "fields": {"action_time": "2019-03-12T22:57:43.796Z", "user": 1, "content_type": 1, "object_id": "15", "object_repr": "[ID#15] driveMAS", "action_flag": 1, "change_message": "[{\"added\": {}}]"}}, {"model": "admin.logentry", "pk": 44, "fields": {"action_time": "2019-03-12T22:57:54.222Z", "user": 1, "content_type": 1, "object_id": "16", "object_repr": "[ID#16] SimpliCT", "action_flag": 1, "change_message": "[{\"added\": {}}]"}}, {"model": "admin.logentry", "pk": 45, "fields": {"action_time": "2019-03-12T22:58:04.107Z", "user": 1, "content_type": 1, "object_id": "17", "object_repr": "[ID#17] stepify", "action_flag": 1, "change_message": "[{\"added\": {}}]"}}, {"model": "admin.logentry", "pk": 46, "fields": {"action_time": "2019-03-12T22:58:12.404Z", "user": 1, "content_type": 1, "object_id": "18", "object_repr": "[ID#18] charifund", "action_flag": 1, "change_message": "[{\"added\": {}}]"}}, {"model": "admin.logentry", "pk": 47, "fields": {"action_time": "2019-03-12T22:58:22.805Z", "user": 1, "content_type": 1, "object_id": "19", "object_repr": "[ID#19] No-BrainR", "action_flag": 1, "change_message": "[{\"added\": {}}]"}}, {"model": "admin.logentry", "pk": 48, "fields": {"action_time": "2019-03-12T22:58:31.437Z", "user": 1, "content_type": 1, "object_id": "20", "object_repr": "[ID#20] AgroBuddy", "action_flag": 1, "change_message": "[{\"added\": {}}]"}}, {"model": "admin.logentry", "pk": 49, "fields": {"action_time": "2019-03-12T22:58:41.440Z", "user": 1, "content_type": 1, "object_id": "21", "object_repr": "[ID#21] VR Blockcaptain", "action_flag": 1, "change_message": "[{\"added\": {}}]"}}, {"model": "admin.logentry", "pk": 50, "fields": {"action_time": "2019-03-12T22:58:50.653Z", "user": 1, "content_type": 1, "object_id": "22", "object_repr": "[ID#22] Relief Mesh", "action_flag": 1, "change_message": "[{\"added\": {}}]"}}, {"model": "admin.logentry", "pk": 51, "fields": {"action_time": "2019-03-12T22:59:03.023Z", "user": 1, "content_type": 1, "object_id": "23", "object_repr": "[ID#23] Insura-ledger", "action_flag": 1, "change_message": "[{\"added\": {}}]"}}, {"model": "admin.logentry", "pk": 52, "fields": {"action_time": "2019-03-12T23:00:10.929Z", "user": 1, "content_type": 1, "object_id": "24", "object_repr": "[ID#24] ShoMe", "action_flag": 1, "change_message": "[{\"added\": {}}]"}}, {"model": "admin.logentry", "pk": 53, "fields": {"action_time": "2019-03-12T23:00:18.918Z", "user": 1, "content_type": 1, "object_id": "25", "object_repr": "[ID#25] face2face", "action_flag": 1, "change_message": "[{\"added\": {}}]"}}, {"model": "admin.logentry", "pk": 54, "fields": {"action_time": "2019-03-12T23:00:28.907Z", "user": 1, "content_type": 1, "object_id": "26", "object_repr": "[ID#26] EcoSort", "action_flag": 1, "change_message": "[{\"added\": {}}]"}}, {"model": "admin.logentry", "pk": 55, "fields": {"action_time": "2019-03-12T23:00:36.832Z", "user": 1, "content_type": 1, "object_id": "27", "object_repr": "[ID#27] Queery", "action_flag": 1, "change_message": "[{\"added\": {}}]"}}, {"model": "admin.logentry", "pk": 56, "fields": {"action_time": "2019-03-12T23:00:59.363Z", "user": 1, "content_type": 6, "object_id": "9", "object_repr": "Nigel Morris <Capital One> - Tom & Jerry", "action_flag": 3, "change_message": ""}}, {"model": "admin.logentry", "pk": 57, "fields": {"action_time": "2019-03-12T23:00:59.389Z", "user": 1, "content_type": 6, "object_id": "8", "object_repr": "Franklin Roosevelt <Fannie Mae> - G.R.O.S.S.", "action_flag": 3, "change_message": ""}}, {"model": "admin.logentry", "pk": 58, "fields": {"action_time": "2019-03-12T23:00:59.397Z", "user": 1, "content_type": 6, "object_id": "7", "object_repr": "Andrew McCollum <Facebook> - Team Rocket", "action_flag": 3, "change_message": ""}}, {"model": "admin.logentry", "pk": 59, "fields": {"action_time": "2019-03-12T23:00:59.407Z", "user": 1, "content_type": 6, "object_id": "6", "object_repr": "Dustin Moskovitz <Facebook> - Team Edward", "action_flag": 3, "change_message": ""}}, {"model": "admin.logentry", "pk": 60, "fields": {"action_time": "2019-03-12T23:00:59.423Z", "user": 1, "content_type": 6, "object_id": "5", "object_repr": "Eduardo Saverin <Facebook> - Fortress 2", "action_flag": 3, "change_message": ""}}, {"model": "admin.logentry", "pk": 61, "fields": {"action_time": "2019-03-12T23:00:59.436Z", "user": 1, "content_type": 6, "object_id": "4", "object_repr": "Larry Page <Google> - Tom & Jerry", "action_flag": 3, "change_message": ""}}, {"model": "admin.logentry", "pk": 62, "fields": {"action_time": "2019-03-12T23:00:59.452Z", "user": 1, "content_type": 6, "object_id": "3", "object_repr": "Ben Silbermann <Pinterest> - Tom & Jerry", "action_flag": 3, "change_message": ""}}, {"model": "admin.logentry", "pk": 63, "fields": {"action_time": "2019-03-12T23:00:59.458Z", "user": 1, "content_type": 6, "object_id": "2", "object_repr": "Mark Zuckerberg <Facebook> - G.R.O.S.S.", "action_flag": 3, "change_message": ""}}, {"model": "admin.logentry", "pk": 64, "fields": {"action_time": "2019-03-12T23:00:59.469Z", "user": 1, "content_type": 6, "object_id": "1", "object_repr": "Larry Page <Google> - Team Rocket", "action_flag": 3, "change_message": ""}}]