[{"model": "main.event", "pk": 1, "fields": {"name": "My Hackathon"}}, {"model": "main.organization", "pk": 1, "fields": {"name": "Organizers"}}, {"model": "main.organization", "pk": 2, "fields": {"name": "Google"}}, {"model": "main.organization", "pk": 4, "fields": {"name": "Facebook"}}, {"model": "main.organization", "pk": 5, "fields": {"name": "Capital One"}}, {"model": "main.organization", "pk": 6, "fields": {"name": "Fannie Mae"}}, {"model": "main.organization", "pk": 7, "fields": {"name": "MLH"}}, {"model": "main.organization", "pk": 8, "fields": {"name": "Leidos"}}, {"model": "main.organization", "pk": 9, "fields": {"name": "Pariveda"}}, {"model": "main.organization", "pk": 10, "fields": {"name": "MicroStrategy"}}, {"model": "main.organization", "pk": 11, "fields": {"name": "SustainabilityIT"}}, {"model": "main.organization", "pk": 31, "fields": {"name": "Microsoft"}}, {"model": "main.organization", "pk": 32, "fields": {"name": "Palantir"}}, {"model": "main.organization", "pk": 33, "fields": {"name": "CCRi"}}, {"model": "main.organization", "pk": 34, "fields": {"name": "Novetta"}}, {"model": "main.organization", "pk": 35, "fields": {"name": "ChartIQ"}}, {"model": "main.organization", "pk": 36, "fields": {"name": "Northrop Grumman"}}, {"model": "main.organization", "pk": 37, "fields": {"name": "Red Hat"}}, {"model": "main.organization", "pk": 38, "fields": {"name": "Samba TV"}}, {"model": "main.organization", "pk": 40, "fields": {"name": "Other"}}, {"model": "main.team", "pk": 131, "fields": {"name": "Hoos Got Food", "table": "", "members": "", "link": "https://hoohacks.devpost.com/submissions/114235-hoos-got-food", "is_anchor": false}}, {"model": "main.team", "pk": 132, "fields": {"name": "Hoohacks Hero", "table": "", "members": "", "link": "https://hoohacks.devpost.com/submissions/114251-hoohacks-hero", "is_anchor": false}}, {"model": "main.team", "pk": 133, "fields": {"name": "Data Alert", "table": "", "members": "", "link": "https://hoohacks.devpost.com/submissions/114257-data-alert", "is_anchor": false}}, {"model": "main.team", "pk": 134, "fields": {"name": "Hotspot ", "table": "", "members": "", "link": "https://hoohacks.devpost.com/submissions/114264-hotspot", "is_anchor": false}}, {"model": "main.team", "pk": 135, "fields": {"name": "RxMinder", "table": "", "members": "", "link": "https://hoohacks.devpost.com/submissions/114266-rxminder", "is_anchor": false}}, {"model": "main.team", "pk": 136, "fields": {"name": "UVaAutoScheduler", "table": "", "members": "", "link": "https://hoohacks.devpost.com/submissions/114317-uvaautoscheduler", "is_anchor": false}}, {"model": "main.team", "pk": 137, "fields": {"name": "Hope Jar", "table": "", "members": "", "link": "https://hoohacks.devpost.com/submissions/114351-hope-jar", "is_anchor": false}}, {"model": "main.team", "pk": 138, "fields": {"name": "StudyBuddy", "table": "", "members": "", "link": "https://hoohacks.devpost.com/submissions/114357-studybuddy", "is_anchor": false}}, {"model": "main.team", "pk": 139, "fields": {"name": "Auris", "table": "", "members": "", "link": "https://hoohacks.devpost.com/submissions/114361-auris", "is_anchor": false}}, {"model": "main.team", "pk": 140, "fields": {"name": "Hivemind", "table": "", "members": "", "link": "https://hoohacks.devpost.com/submissions/114363-hivemind", "is_anchor": false}}, {"model": "main.team", "pk": 141, "fields": {"name": "Welcome Home!", "table": "", "members": "", "link": "https://hoohacks.devpost.com/submissions/114366-welcome-home", "is_anchor": false}}, {"model": "main.team", "pk": 142, "fields": {"name": "Base Converter Puzzle", "table": "", "members": "", "link": "https://hoohacks.devpost.com/submissions/114372-base-converter-puzzle", "is_anchor": false}}, {"model": "main.team", "pk": 143, "fields": {"name": "SubResponsibly", "table": "", "members": "", "link": "https://hoohacks.devpost.com/submissions/114375-subresponsibly", "is_anchor": false}}, {"model": "main.team", "pk": 144, "fields": {"name": "ClasSIS", "table": "", "members": "", "link": "https://hoohacks.devpost.com/submissions/114379-classis", "is_anchor": false}}, {"model": "main.team", "pk": 145, "fields": {"name": "Finance Tracker", "table": "", "members": "", "link": "https://hoohacks.devpost.com/submissions/114388-finance-tracker", "is_anchor": false}}, {"model": "main.team", "pk": 146, "fields": {"name": "LoanAdmin", "table": "", "members": "", "link": "https://hoohacks.devpost.com/submissions/114391-loanadmin", "is_anchor": false}}, {"model": "main.team", "pk": 147, "fields": {"name": "show me the receipts!", "table": "", "members": "", "link": "https://hoohacks.devpost.com/submissions/114394-show-me-the-receipts", "is_anchor": false}}, {"model": "main.team", "pk": 148, "fields": {"name": "Scarab Investment Research", "table": "", "members": "", "link": "https://hoohacks.devpost.com/submissions/114401-scarab-investment-research", "is_anchor": false}}, {"model": "main.team", "pk": 149, "fields": {"name": "UwUndercover", "table": "", "members": "", "link": "https://hoohacks.devpost.com/submissions/114403-uwundercover", "is_anchor": false}}, {"model": "main.team", "pk": 150, "fields": {"name": "MLHcribs", "table": "", "members": "", "link": "https://hoohacks.devpost.com/submissions/114408-mlhcribs", "is_anchor": false}}, {"model": "main.team", "pk": 151, "fields": {"name": "The Alphabet Game", "table": "", "members": "", "link": "https://hoohacks.devpost.com/submissions/114411-the-alphabet-game", "is_anchor": false}}, {"model": "main.team", "pk": 152, "fields": {"name": "Helping Minds", "table": "", "members": "", "link": "https://hoohacks.devpost.com/submissions/114415-helping-minds", "is_anchor": false}}, {"model": "main.team", "pk": 153, "fields": {"name": "DuckWeb", "table": "", "members": "", "link": "https://hoohacks.devpost.com/submissions/114420-duckweb", "is_anchor": false}}, {"model": "main.team", "pk": 154, "fields": {"name": "spoticode", "table": "", "members": "", "link": "https://hoohacks.devpost.com/submissions/114426-spoticode", "is_anchor": false}}, {"model": "main.team", "pk": 155, "fields": {"name": "NoteNodes", "table": "", "members": "", "link": "https://hoohacks.devpost.com/submissions/114427-notenodes", "is_anchor": false}}, {"model": "main.team", "pk": 156, "fields": {"name": "Block Brawl", "table": "", "members": "", "link": "https://hoohacks.devpost.com/submissions/114432-block-brawl", "is_anchor": false}}, {"model": "main.team", "pk": 157, "fields": {"name": "Ludi_Bot", "table": "", "members": "", "link": "https://hoohacks.devpost.com/submissions/114436-ludi_bot", "is_anchor": false}}, {"model": "main.team", "pk": 158, "fields": {"name": "Immersive Language Education Environment", "table": "", "members": "", "link": "https://hoohacks.devpost.com/submissions/114438-immersive-language-education-environment", "is_anchor": false}}, {"model": "main.team", "pk": 159, "fields": {"name": "RapidAid", "table": "", "members": "", "link": "https://hoohacks.devpost.com/submissions/114439-rapidaid", "is_anchor": false}}, {"model": "main.team", "pk": 160, "fields": {"name": "EcoTouch", "table": "", "members": "", "link": "https://hoohacks.devpost.com/submissions/114442-ecotouch", "is_anchor": false}}, {"model": "main.team", "pk": 161, "fields": {"name": "FitFinder", "table": "", "members": "", "link": "https://hoohacks.devpost.com/submissions/114445-fitfinder", "is_anchor": false}}, {"model": "main.team", "pk": 162, "fields": {"name": "Split", "table": "", "members": "", "link": "https://hoohacks.devpost.com/submissions/114446-split", "is_anchor": false}}, {"model": "main.team", "pk": 163, "fields": {"name": "Mem-Zero", "table": "", "members": "", "link": "https://hoohacks.devpost.com/submissions/114448-mem-zero", "is_anchor": false}}, {"model": "main.team", "pk": 164, "fields": {"name": "HooNaps", "table": "", "members": "", "link": "https://hoohacks.devpost.com/submissions/114450-hoonaps", "is_anchor": false}}, {"model": "main.team", "pk": 165, "fields": {"name": "Panscribe", "table": "", "members": "", "link": "https://hoohacks.devpost.com/submissions/114454-panscribe", "is_anchor": false}}, {"model": "main.team", "pk": 166, "fields": {"name": "Budget IO", "table": "", "members": "", "link": "https://hoohacks.devpost.com/submissions/114456-budget-io", "is_anchor": false}}, {"model": "main.team", "pk": 167, "fields": {"name": "Readceipt", "table": "", "members": "", "link": "https://hoohacks.devpost.com/submissions/114458-readceipt", "is_anchor": false}}, {"model": "main.team", "pk": 168, "fields": {"name": "Treat Yourself.", "table": "", "members": "", "link": "https://hoohacks.devpost.com/submissions/114462-treat-yourself", "is_anchor": false}}, {"model": "main.team", "pk": 169, "fields": {"name": "CyberStress", "table": "", "members": "", "link": "https://hoohacks.devpost.com/submissions/114470-cyberstress", "is_anchor": false}}, {"model": "main.team", "pk": 170, "fields": {"name": "InstaMed", "table": "", "members": "", "link": "https://hoohacks.devpost.com/submissions/114471-instamed", "is_anchor": false}}, {"model": "main.team", "pk": 171, "fields": {"name": "neighborHOOs", "table": "", "members": "", "link": "https://hoohacks.devpost.com/submissions/114476-neighborhoos", "is_anchor": false}}, {"model": "main.team", "pk": 172, "fields": {"name": "PayUp", "table": "", "members": "", "link": "https://hoohacks.devpost.com/submissions/114478-payup", "is_anchor": false}}, {"model": "main.team", "pk": 173, "fields": {"name": "Recipes, Sensibly", "table": "", "members": "", "link": "https://hoohacks.devpost.com/submissions/114481-recipes-sensibly", "is_anchor": false}}, {"model": "main.team", "pk": 174, "fields": {"name": "fresh", "table": "", "members": "", "link": "https://hoohacks.devpost.com/submissions/114491-fresh", "is_anchor": false}}, {"model": "main.team", "pk": 175, "fields": {"name": "RecMe", "table": "", "members": "", "link": "https://hoohacks.devpost.com/submissions/114522-recme", "is_anchor": false}}, {"model": "main.team", "pk": 176, "fields": {"name": "Hoos Finances", "table": "", "members": "", "link": "https://hoohacks.devpost.com/submissions/114524-hoos-finances", "is_anchor": false}}, {"model": "main.team", "pk": 177, "fields": {"name": "Minute to Bin It!", "table": "", "members": "", "link": "https://hoohacks.devpost.com/submissions/114526-minute-to-bin-it", "is_anchor": false}}, {"model": "main.team", "pk": 178, "fields": {"name": "CupaNooWords", "table": "", "members": "", "link": "https://hoohacks.devpost.com/submissions/114528-cupanoowords", "is_anchor": false}}, {"model": "main.team", "pk": 179, "fields": {"name": "Encrpytion with a Twist", "table": "", "members": "", "link": "https://hoohacks.devpost.com/submissions/114529-encrpytion-with-a-twist", "is_anchor": false}}, {"model": "main.team", "pk": 180, "fields": {"name": "BudgetFlow", "table": "", "members": "", "link": "https://hoohacks.devpost.com/submissions/114530-budgetflow", "is_anchor": false}}, {"model": "main.team", "pk": 181, "fields": {"name": "Virtual Realestate", "table": "", "members": "", "link": "https://hoohacks.devpost.com/submissions/114531-virtual-realestate", "is_anchor": false}}, {"model": "main.team", "pk": 182, "fields": {"name": "Clever Loans", "table": "", "members": "", "link": "https://hoohacks.devpost.com/submissions/114538-clever-loans", "is_anchor": false}}, {"model": "main.team", "pk": 183, "fields": {"name": "TakeoffTime", "table": "", "members": "", "link": "https://hoohacks.devpost.com/submissions/114539-takeofftime", "is_anchor": false}}, {"model": "main.team", "pk": 184, "fields": {"name": "Statera", "table": "", "members": "", "link": "https://hoohacks.devpost.com/submissions/114541-statera", "is_anchor": false}}, {"model": "main.team", "pk": 185, "fields": {"name": "NLP-tagged Coding Project Database", "table": "", "members": "", "link": "https://hoohacks.devpost.com/submissions/114544-nlp-tagged-coding-project-database", "is_anchor": false}}, {"model": "main.team", "pk": 186, "fields": {"name": "Page", "table": "", "members": "", "link": "https://hoohacks.devpost.com/submissions/114545-page", "is_anchor": false}}, {"model": "main.team", "pk": 187, "fields": {"name": "COBA", "table": "", "members": "", "link": "https://hoohacks.devpost.com/submissions/114548-coba", "is_anchor": false}}, {"model": "main.team", "pk": 188, "fields": {"name": "Quick Pic", "table": "", "members": "", "link": "https://hoohacks.devpost.com/submissions/114551-quick-pic", "is_anchor": false}}, {"model": "main.team", "pk": 189, "fields": {"name": "hooshealthy", "table": "", "members": "", "link": "https://hoohacks.devpost.com/submissions/114554-hooshealthy", "is_anchor": false}}, {"model": "main.team", "pk": 190, "fields": {"name": "Data Visualization", "table": "", "members": "", "link": "https://hoohacks.devpost.com/submissions/114555-data-visualization", "is_anchor": false}}, {"model": "main.team", "pk": 191, "fields": {"name": "incentivised_recycling", "table": "", "members": "", "link": "https://hoohacks.devpost.com/submissions/114556-incentivised_recycling", "is_anchor": false}}, {"model": "main.team", "pk": 192, "fields": {"name": "Latticode", "table": "", "members": "", "link": "https://hoohacks.devpost.com/submissions/114558-latticode", "is_anchor": false}}, {"model": "main.team", "pk": 193, "fields": {"name": "ReceiptScanner", "table": "", "members": "", "link": "https://hoohacks.devpost.com/submissions/114563-receiptscanner", "is_anchor": false}}, {"model": "main.team", "pk": 194, "fields": {"name": "Transception", "table": "", "members": "", "link": "https://hoohacks.devpost.com/submissions/114567-transception", "is_anchor": false}}, {"model": "main.team", "pk": 195, "fields": {"name": "Multiplayer DeathRace", "table": "", "members": "", "link": "https://hoohacks.devpost.com/submissions/114568-multiplayer-deathrace", "is_anchor": false}}, {"model": "main.team", "pk": 196, "fields": {"name": "slant", "table": "", "members": "", "link": "https://hoohacks.devpost.com/submissions/114569-slant", "is_anchor": false}}, {"model": "main.team", "pk": 197, "fields": {"name": "Neumi", "table": "", "members": "", "link": "https://hoohacks.devpost.com/submissions/114571-neumi", "is_anchor": false}}, {"model": "main.team", "pk": 198, "fields": {"name": "SICKO CODE", "table": "", "members": "", "link": "https://hoohacks.devpost.com/submissions/114572-sicko-code", "is_anchor": false}}, {"model": "main.team", "pk": 199, "fields": {"name": "Discovering Risk Factors through Machine Learning", "table": "", "members": "", "link": "https://hoohacks.devpost.com/submissions/114575-discovering-risk-factors-through-machine-learning", "is_anchor": false}}, {"model": "main.team", "pk": 200, "fields": {"name": "AutoSort.it", "table": "", "members": "", "link": "https://hoohacks.devpost.com/submissions/114576-autosort-it", "is_anchor": false}}, {"model": "main.team", "pk": 201, "fields": {"name": "MaiLing", "table": "", "members": "", "link": "https://hoohacks.devpost.com/submissions/114577-mailing", "is_anchor": false}}, {"model": "main.team", "pk": 202, "fields": {"name": "Clear Skies", "table": "", "members": "", "link": "https://hoohacks.devpost.com/submissions/114578-clear-skies", "is_anchor": false}}, {"model": "main.team", "pk": 203, "fields": {"name": "StudySaver", "table": "", "members": "", "link": "https://hoohacks.devpost.com/submissions/114582-studysaver", "is_anchor": false}}, {"model": "main.team", "pk": 204, "fields": {"name": "Command and Supply", "table": "", "members": "", "link": "https://hoohacks.devpost.com/submissions/114583-command-and-supply", "is_anchor": false}}, {"model": "main.team", "pk": 205, "fields": {"name": "FoodShare", "table": "", "members": "", "link": "https://hoohacks.devpost.com/submissions/114584-foodshare", "is_anchor": false}}, {"model": "main.team", "pk": 206, "fields": {"name": "The Ultimate Just a Bill Experience", "table": "", "members": "", "link": "https://hoohacks.devpost.com/submissions/114586-the-ultimate-just-a-bill-experience", "is_anchor": false}}, {"model": "main.team", "pk": 207, "fields": {"name": "Store Placer", "table": "", "members": "", "link": "https://hoohacks.devpost.com/submissions/114589-store-placer", "is_anchor": false}}, {"model": "main.team", "pk": 208, "fields": {"name": "HooHacksProject", "table": "", "members": "", "link": "https://hoohacks.devpost.com/submissions/114591-hoohacksproject", "is_anchor": false}}, {"model": "main.team", "pk": 209, "fields": {"name": "Dyslexia Diagnostic", "table": "", "members": "", "link": "https://hoohacks.devpost.com/submissions/114592-dyslexia-diagnostic", "is_anchor": false}}, {"model": "main.team", "pk": 210, "fields": {"name": "Health Assurance", "table": "", "members": "", "link": "https://hoohacks.devpost.com/submissions/114593-health-assurance", "is_anchor": false}}, {"model": "main.team", "pk": 211, "fields": {"name": "NeighborhoodIQ", "table": "", "members": "", "link": "https://hoohacks.devpost.com/submissions/114595-neighborhoodiq", "is_anchor": false}}, {"model": "main.team", "pk": 212, "fields": {"name": "Discovereat", "table": "", "members": "", "link": "https://hoohacks.devpost.com/submissions/114600-discovereat", "is_anchor": false}}, {"model": "main.team", "pk": 213, "fields": {"name": "YAKChain", "table": "", "members": "", "link": "https://hoohacks.devpost.com/submissions/114603-yakchain", "is_anchor": false}}, {"model": "main.team", "pk": 214, "fields": {"name": "GeoTweets", "table": "", "members": "", "link": "https://hoohacks.devpost.com/submissions/114606-geotweets", "is_anchor": false}}, {"model": "main.team", "pk": 215, "fields": {"name": "EcoSave", "table": "", "members": "", "link": "https://hoohacks.devpost.com/submissions/114607-ecosave", "is_anchor": false}}, {"model": "main.team", "pk": 216, "fields": {"name": "Scheduler", "table": "", "members": "", "link": "https://hoohacks.devpost.com/submissions/114611-scheduler", "is_anchor": false}}, {"model": "main.team", "pk": 217, "fields": {"name": "Club.io", "table": "", "members": "", "link": "https://hoohacks.devpost.com/submissions/114612-club-io", "is_anchor": false}}, {"model": "main.team", "pk": 218, "fields": {"name": "Thirst-Sea", "table": "", "members": "", "link": "https://hoohacks.devpost.com/submissions/114613-thirst-sea", "is_anchor": false}}, {"model": "main.team", "pk": 219, "fields": {"name": "Sherlock Homes", "table": "", "members": "", "link": "https://hoohacks.devpost.com/submissions/114615-sherlock-homes", "is_anchor": false}}, {"model": "main.team", "pk": 220, "fields": {"name": "Dream Home", "table": "", "members": "", "link": "https://hoohacks.devpost.com/submissions/114616-dream-home", "is_anchor": false}}, {"model": "main.team", "pk": 221, "fields": {"name": "LinkLine", "table": "", "members": "", "link": "https://hoohacks.devpost.com/submissions/114617-linkline", "is_anchor": false}}, {"model": "main.team", "pk": 222, "fields": {"name": "Au Revoir", "table": "", "members": "", "link": "https://hoohacks.devpost.com/submissions/114618-au-revoir", "is_anchor": false}}, {"model": "main.team", "pk": 223, "fields": {"name": "Sold on Sales", "table": "", "members": "", "link": "https://hoohacks.devpost.com/submissions/114621-sold-on-sales", "is_anchor": false}}, {"model": "main.team", "pk": 224, "fields": {"name": "N/A", "table": "", "members": "", "link": "https://hoohacks.devpost.com/submissions/114622-n-a", "is_anchor": false}}, {"model": "main.team", "pk": 225, "fields": {"name": "Zinc", "table": "", "members": "", "link": "https://hoohacks.devpost.com/submissions/114625-zinc", "is_anchor": false}}, {"model": "main.team", "pk": 226, "fields": {"name": "Sylla-snap", "table": "", "members": "", "link": "https://hoohacks.devpost.com/submissions/114651-sylla-snap", "is_anchor": false}}, {"model": "main.team", "pk": 227, "fields": {"name": "Car Flex", "table": "", "members": "", "link": "https://hoohacks.devpost.com/submissions/114657-car-flex", "is_anchor": false}}, {"model": "main.team", "pk": 228, "fields": {"name": "EnglishForAll", "table": "", "members": "", "link": "https://hoohacks.devpost.com/submissions/114661-englishforall", "is_anchor": false}}, {"model": "main.team", "pk": 229, "fields": {"name": "XR-AID", "table": "", "members": "", "link": "https://hoohacks.devpost.com/submissions/114670-xr-aid", "is_anchor": false}}, {"model": "main.team", "pk": 230, "fields": {"name": "Bigfin", "table": "", "members": "", "link": "https://hoohacks.devpost.com/submissions/114747-bigfin", "is_anchor": false}}, {"model": "main.team", "pk": 231, "fields": {"name": "Bet It On Credit", "table": "", "members": "", "link": "https://hoohacks.devpost.com/submissions/114776-bet-it-on-credit", "is_anchor": false}}, {"model": "main.team", "pk": 232, "fields": {"name": "EmptySeats", "table": "", "members": "", "link": "https://hoohacks.devpost.com/submissions/114781-emptyseats", "is_anchor": false}}, {"model": "main.team", "pk": 233, "fields": {"name": "HooHacks19.2", "table": "", "members": "", "link": "https://hoohacks.devpost.com/submissions/114786-hoohacks19-2", "is_anchor": false}}, {"model": "main.category", "pk": 1, "fields": {"name": "Best Finance Hack", "description": "", "organization": 5, "number_winners": 1, "is_opt_in": false, "can_anyone_judge": false, "submissions": []}}, {"model": "main.category", "pk": 2, "fields": {"name": "Best Use of GCP", "description": "", "organization": 2, "number_winners": 1, "is_opt_in": false, "can_anyone_judge": false, "submissions": []}}, {"model": "main.category", "pk": 3, "fields": {"name": "Best Health Hack", "description": "", "organization": 1, "number_winners": 1, "is_opt_in": false, "can_anyone_judge": false, "submissions": []}}, {"model": "main.category", "pk": 4, "fields": {"name": "Best Overall", "description": "", "organization": 1, "number_winners": 3, "is_opt_in": false, "can_anyone_judge": false, "submissions": []}}, {"model": "main.category", "pk": 5, "fields": {"name": "Best Sustainability Hack - SustainableIT", "description": "", "organization": 11, "number_winners": 1, "is_opt_in": true, "can_anyone_judge": false, "submissions": [131, 133, 137, 147, 153, 160, 163, 168, 173, 175, 182, 191, 197, 212, 215, 222, 224]}}, {"model": "main.category", "pk": 6, "fields": {"name": "Best Use of Google Cloud Platform - Google/MLH", "description": "", "organization": 2, "number_winners": 1, "is_opt_in": true, "can_anyone_judge": false, "submissions": [131, 138, 139, 140, 141, 143, 145, 147, 153, 154, 155, 159, 162, 164, 165, 166, 172, 173, 174, 175, 180, 181, 182, 185, 188, 189, 193, 194, 196, 198, 200, 201, 202, 203, 206, 208, 210, 211, 212, 217, 219, 221, 222, 226, 228]}}, {"model": "main.category", "pk": 7, "fields": {"name": "Best Social Good Hack", "description": "", "organization": 1, "number_winners": 2, "is_opt_in": true, "can_anyone_judge": false, "submissions": [131, 133, 136, 137, 139, 147, 150, 151, 153, 161, 162, 165, 167, 168, 176, 179, 186, 188, 189, 191, 196, 197, 201, 202, 205, 206, 207, 209, 210, 211, 212, 217, 219, 221, 222, 229, 230]}}, {"model": "main.category", "pk": 8, "fields": {"name": "Best Art/Gaming Hack", "description": "", "organization": 1, "number_winners": 2, "is_opt_in": true, "can_anyone_judge": false, "submissions": [132, 134, 142, 151, 153, 156, 168, 176, 183, 192, 194, 195, 198, 204, 206, 215, 218, 222]}}, {"model": "main.category", "pk": 9, "fields": {"name": "Best Education Hack", "description": "", "organization": 1, "number_winners": 2, "is_opt_in": true, "can_anyone_judge": false, "submissions": [132, 136, 137, 138, 140, 142, 151, 153, 154, 155, 158, 160, 163, 176, 178, 182, 183, 186, 188, 189, 192, 200, 201, 203, 206, 207, 209, 215, 222, 226, 228]}}, {"model": "main.category", "pk": 10, "fields": {"name": "Best Use of Microstrategy Platforms - Microstrategy", "description": "", "organization": 10, "number_winners": 1, "is_opt_in": true, "can_anyone_judge": false, "submissions": [133, 135, 150, 155, 160, 166, 174, 182, 197, 206, 212, 214, 220, 221]}}, {"model": "main.category", "pk": 11, "fields": {"name": "Best App/Website To Help Potential Home Buyers - Fannie Mae", "description": "", "organization": 6, "number_winners": 1, "is_opt_in": true, "can_anyone_judge": false, "submissions": [133, 145, 150, 153, 166, 171, 181, 182, 197, 199, 211, 219, 220, 223]}}, {"model": "main.category", "pk": 12, "fields": {"name": "Best Domain Registered with Domain.com - MLH", "description": "", "organization": 7, "number_winners": 1, "is_opt_in": true, "can_anyone_judge": false, "submissions": [133, 136, 137, 140, 151, 153, 154, 155, 165, 166, 182, 197, 198, 200, 206, 219, 228, 231]}}, {"model": "main.category", "pk": 13, "fields": {"name": "Best User Experience Design - Pariveda", "description": "", "organization": 9, "number_winners": 1, "is_opt_in": true, "can_anyone_judge": false, "submissions": [133, 136, 140, 145, 147, 153, 154, 155, 159, 160, 162, 163, 166, 173, 174, 176, 182, 184, 194, 197, 206, 211, 222, 226, 230]}}, {"model": "main.category", "pk": 14, "fields": {"name": "Best Health Hack", "description": "", "organization": 1, "number_winners": 2, "is_opt_in": true, "can_anyone_judge": false, "submissions": [135, 139, 159, 161, 168, 170, 172, 184, 189, 210, 218, 222]}}, {"model": "main.category", "pk": 15, "fields": {"name": "Best Finance Hack - Capital One/HooHacks", "description": "", "organization": 5, "number_winners": 3, "is_opt_in": true, "can_anyone_judge": false, "submissions": [143, 145, 146, 147, 148, 153, 162, 166, 167, 172, 176, 180, 182, 187, 193, 197, 211, 212, 214, 225, 230, 231]}}, {"model": "main.category", "pk": 16, "fields": {"name": "Best Use of Fair Division - Leidos", "description": "", "organization": 8, "number_winners": 1, "is_opt_in": true, "can_anyone_judge": false, "submissions": [153, 197, 216]}}, {"model": "main.category", "pk": 17, "fields": {"name": "Best Use of Snap Kit - MLH", "description": "", "organization": 7, "number_winners": 1, "is_opt_in": true, "can_anyone_judge": false, "submissions": [211]}}, {"model": "main.category", "pk": 18, "fields": {"name": "Best Beginner Hack", "description": "", "organization": 1, "number_winners": 3, "is_opt_in": false, "can_anyone_judge": true, "submissions": []}}, {"model": "main.category", "pk": 19, "fields": {"name": "Best Overall Hack", "description": "", "organization": 1, "number_winners": 1, "is_opt_in": false, "can_anyone_judge": true, "submissions": []}}, {"model": "main.criteria", "pk": 1, "fields": {"name": "Creativity of Idea", "description": "", "min_score": 1, "max_score": 5, "weight": "2.00"}}, {"model": "main.criteria", "pk": 2, "fields": {"name": "Functionality", "description": "", "min_score": 1, "max_score": 5, "weight": "1.00"}}, {"model": "main.criteria", "pk": 3, "fields": {"name": "Impact", "description": "", "min_score": 1, "max_score": 5, "weight": "1.00"}}, {"model": "main.criteria", "pk": 4, "fields": {"name": "Technicality", "description": "", "min_score": 1, "max_score": 5, "weight": "1.00"}}, {"model": "main.criteria", "pk": 5, "fields": {"name": "Feasibility", "description": "", "min_score": 1, "max_score": 5, "weight": "1.00"}}, {"model": "main.criteria", "pk": 6, "fields": {"name": "UI/UX", "description": "", "min_score": 1, "max_score": 5, "weight": "1.00"}}, {"model": "main.criterialabel", "pk": 1, "fields": {"criteria": 1, "score": 1, "label": "Boring"}}, {"model": "main.criterialabel", "pk": 2, "fields": {"criteria": 1, "score": 5, "label": "OMG this is going to be the next big thing"}}, {"model": "auth.permission", "pk": 1, "fields": {"name": "Can add user", "content_type": 1, "codename": "add_user"}}, {"model": "auth.permission", "pk": 2, "fields": {"name": "Can change user", "content_type": 1, "codename": "change_user"}}, {"model": "auth.permission", "pk": 3, "fields": {"name": "Can delete user", "content_type": 1, "codename": "delete_user"}}, {"model": "auth.permission", "pk": 4, "fields": {"name": "Can view user", "content_type": 1, "codename": "view_user"}}, {"model": "auth.permission", "pk": 5, "fields": {"name": "Can add category", "content_type": 2, "codename": "add_category"}}, {"model": "auth.permission", "pk": 6, "fields": {"name": "Can change category", "content_type": 2, "codename": "change_category"}}, {"model": "auth.permission", "pk": 7, "fields": {"name": "Can delete category", "content_type": 2, "codename": "delete_category"}}, {"model": "auth.permission", "pk": 8, "fields": {"name": "Can view category", "content_type": 2, "codename": "view_category"}}, {"model": "auth.permission", "pk": 9, "fields": {"name": "Can add event", "content_type": 3, "codename": "add_event"}}, {"model": "auth.permission", "pk": 10, "fields": {"name": "Can change event", "content_type": 3, "codename": "change_event"}}, {"model": "auth.permission", "pk": 11, "fields": {"name": "Can delete event", "content_type": 3, "codename": "delete_event"}}, {"model": "auth.permission", "pk": 12, "fields": {"name": "Can view event", "content_type": 3, "codename": "view_event"}}, {"model": "auth.permission", "pk": 13, "fields": {"name": "Can add criteria label", "content_type": 4, "codename": "add_criterialabel"}}, {"model": "auth.permission", "pk": 14, "fields": {"name": "Can change criteria label", "content_type": 4, "codename": "change_criterialabel"}}, {"model": "auth.permission", "pk": 15, "fields": {"name": "Can delete criteria label", "content_type": 4, "codename": "delete_criterialabel"}}, {"model": "auth.permission", "pk": 16, "fields": {"name": "Can view criteria label", "content_type": 4, "codename": "view_criterialabel"}}, {"model": "auth.permission", "pk": 17, "fields": {"name": "Can add criteria", "content_type": 5, "codename": "add_criteria"}}, {"model": "auth.permission", "pk": 18, "fields": {"name": "Can change criteria", "content_type": 5, "codename": "change_criteria"}}, {"model": "auth.permission", "pk": 19, "fields": {"name": "Can delete criteria", "content_type": 5, "codename": "delete_criteria"}}, {"model": "auth.permission", "pk": 20, "fields": {"name": "Can view criteria", "content_type": 5, "codename": "view_criteria"}}, {"model": "auth.permission", "pk": 21, "fields": {"name": "Can add demo", "content_type": 6, "codename": "add_demo"}}, {"model": "auth.permission", "pk": 22, "fields": {"name": "Can change demo", "content_type": 6, "codename": "change_demo"}}, {"model": "auth.permission", "pk": 23, "fields": {"name": "Can delete demo", "content_type": 6, "codename": "delete_demo"}}, {"model": "auth.permission", "pk": 24, "fields": {"name": "Can view demo", "content_type": 6, "codename": "view_demo"}}, {"model": "auth.permission", "pk": 25, "fields": {"name": "Can add demo score", "content_type": 7, "codename": "add_demoscore"}}, {"model": "auth.permission", "pk": 26, "fields": {"name": "Can change demo score", "content_type": 7, "codename": "change_demoscore"}}, {"model": "auth.permission", "pk": 27, "fields": {"name": "Can delete demo score", "content_type": 7, "codename": "delete_demoscore"}}, {"model": "auth.permission", "pk": 28, "fields": {"name": "Can view demo score", "content_type": 7, "codename": "view_demoscore"}}, {"model": "auth.permission", "pk": 29, "fields": {"name": "Can add team", "content_type": 8, "codename": "add_team"}}, {"model": "auth.permission", "pk": 30, "fields": {"name": "Can change team", "content_type": 8, "codename": "change_team"}}, {"model": "auth.permission", "pk": 31, "fields": {"name": "Can delete team", "content_type": 8, "codename": "delete_team"}}, {"model": "auth.permission", "pk": 32, "fields": {"name": "Can view team", "content_type": 8, "codename": "view_team"}}, {"model": "auth.permission", "pk": 33, "fields": {"name": "Can add organization", "content_type": 9, "codename": "add_organization"}}, {"model": "auth.permission", "pk": 34, "fields": {"name": "Can change organization", "content_type": 9, "codename": "change_organization"}}, {"model": "auth.permission", "pk": 35, "fields": {"name": "Can delete organization", "content_type": 9, "codename": "delete_organization"}}, {"model": "auth.permission", "pk": 36, "fields": {"name": "Can view organization", "content_type": 9, "codename": "view_organization"}}, {"model": "auth.permission", "pk": 37, "fields": {"name": "Can add log entry", "content_type": 10, "codename": "add_logentry"}}, {"model": "auth.permission", "pk": 38, "fields": {"name": "Can change log entry", "content_type": 10, "codename": "change_logentry"}}, {"model": "auth.permission", "pk": 39, "fields": {"name": "Can delete log entry", "content_type": 10, "codename": "delete_logentry"}}, {"model": "auth.permission", "pk": 40, "fields": {"name": "Can view log entry", "content_type": 10, "codename": "view_logentry"}}, {"model": "auth.permission", "pk": 41, "fields": {"name": "Can add permission", "content_type": 11, "codename": "add_permission"}}, {"model": "auth.permission", "pk": 42, "fields": {"name": "Can change permission", "content_type": 11, "codename": "change_permission"}}, {"model": "auth.permission", "pk": 43, "fields": {"name": "Can delete permission", "content_type": 11, "codename": "delete_permission"}}, {"model": "auth.permission", "pk": 44, "fields": {"name": "Can view permission", "content_type": 11, "codename": "view_permission"}}, {"model": "auth.permission", "pk": 45, "fields": {"name": "Can add group", "content_type": 12, "codename": "add_group"}}, {"model": "auth.permission", "pk": 46, "fields": {"name": "Can change group", "content_type": 12, "codename": "change_group"}}, {"model": "auth.permission", "pk": 47, "fields": {"name": "Can delete group", "content_type": 12, "codename": "delete_group"}}, {"model": "auth.permission", "pk": 48, "fields": {"name": "Can view group", "content_type": 12, "codename": "view_group"}}, {"model": "auth.permission", "pk": 49, "fields": {"name": "Can add content type", "content_type": 13, "codename": "add_contenttype"}}, {"model": "auth.permission", "pk": 50, "fields": {"name": "Can change content type", "content_type": 13, "codename": "change_contenttype"}}, {"model": "auth.permission", "pk": 51, "fields": {"name": "Can delete content type", "content_type": 13, "codename": "delete_contenttype"}}, {"model": "auth.permission", "pk": 52, "fields": {"name": "Can view content type", "content_type": 13, "codename": "view_contenttype"}}, {"model": "auth.permission", "pk": 53, "fields": {"name": "Can add session", "content_type": 14, "codename": "add_session"}}, {"model": "auth.permission", "pk": 54, "fields": {"name": "Can change session", "content_type": 14, "codename": "change_session"}}, {"model": "auth.permission", "pk": 55, "fields": {"name": "Can delete session", "content_type": 14, "codename": "delete_session"}}, {"model": "auth.permission", "pk": 56, "fields": {"name": "Can view session", "content_type": 14, "codename": "view_session"}}, {"model": "auth.permission", "pk": 57, "fields": {"name": "Can add category", "content_type": 5, "codename": "add_category"}}, {"model": "auth.permission", "pk": 58, "fields": {"name": "Can change category", "content_type": 5, "codename": "change_category"}}, {"model": "auth.permission", "pk": 59, "fields": {"name": "Can delete category", "content_type": 5, "codename": "delete_category"}}, {"model": "auth.permission", "pk": 60, "fields": {"name": "Can view category", "content_type": 5, "codename": "view_category"}}, {"model": "auth.permission", "pk": 61, "fields": {"name": "Can add team", "content_type": 1, "codename": "add_team"}}, {"model": "auth.permission", "pk": 62, "fields": {"name": "Can change team", "content_type": 1, "codename": "change_team"}}, {"model": "auth.permission", "pk": 63, "fields": {"name": "Can delete team", "content_type": 1, "codename": "delete_team"}}, {"model": "auth.permission", "pk": 64, "fields": {"name": "Can view team", "content_type": 1, "codename": "view_team"}}, {"model": "auth.permission", "pk": 65, "fields": {"name": "Can add demo score", "content_type": 2, "codename": "add_demoscore"}}, {"model": "auth.permission", "pk": 66, "fields": {"name": "Can change demo score", "content_type": 2, "codename": "change_demoscore"}}, {"model": "auth.permission", "pk": 67, "fields": {"name": "Can delete demo score", "content_type": 2, "codename": "delete_demoscore"}}, {"model": "auth.permission", "pk": 68, "fields": {"name": "Can view demo score", "content_type": 2, "codename": "view_demoscore"}}, {"model": "auth.permission", "pk": 69, "fields": {"name": "Can add event", "content_type": 4, "codename": "add_event"}}, {"model": "auth.permission", "pk": 70, "fields": {"name": "Can change event", "content_type": 4, "codename": "change_event"}}, {"model": "auth.permission", "pk": 71, "fields": {"name": "Can delete event", "content_type": 4, "codename": "delete_event"}}, {"model": "auth.permission", "pk": 72, "fields": {"name": "Can view event", "content_type": 4, "codename": "view_event"}}, {"model": "auth.permission", "pk": 73, "fields": {"name": "Can add organization", "content_type": 3, "codename": "add_organization"}}, {"model": "auth.permission", "pk": 74, "fields": {"name": "Can change organization", "content_type": 3, "codename": "change_organization"}}, {"model": "auth.permission", "pk": 75, "fields": {"name": "Can delete organization", "content_type": 3, "codename": "delete_organization"}}, {"model": "auth.permission", "pk": 76, "fields": {"name": "Can view organization", "content_type": 3, "codename": "view_organization"}}, {"model": "auth.permission", "pk": 77, "fields": {"name": "Can add criteria label", "content_type": 7, "codename": "add_criterialabel"}}, {"model": "auth.permission", "pk": 78, "fields": {"name": "Can change criteria label", "content_type": 7, "codename": "change_criterialabel"}}, {"model": "auth.permission", "pk": 79, "fields": {"name": "Can delete criteria label", "content_type": 7, "codename": "delete_criterialabel"}}, {"model": "auth.permission", "pk": 80, "fields": {"name": "Can view criteria label", "content_type": 7, "codename": "view_criterialabel"}}, {"model": "auth.permission", "pk": 81, "fields": {"name": "Can add user", "content_type": 9, "codename": "add_user"}}, {"model": "auth.permission", "pk": 82, "fields": {"name": "Can change user", "content_type": 9, "codename": "change_user"}}, {"model": "auth.permission", "pk": 83, "fields": {"name": "Can delete user", "content_type": 9, "codename": "delete_user"}}, {"model": "auth.permission", "pk": 84, "fields": {"name": "Can view user", "content_type": 9, "codename": "view_user"}}, {"model": "auth.permission", "pk": 85, "fields": {"name": "Can add criteria", "content_type": 8, "codename": "add_criteria"}}, {"model": "auth.permission", "pk": 86, "fields": {"name": "Can change criteria", "content_type": 8, "codename": "change_criteria"}}, {"model": "auth.permission", "pk": 87, "fields": {"name": "Can delete criteria", "content_type": 8, "codename": "delete_criteria"}}, {"model": "auth.permission", "pk": 88, "fields": {"name": "Can view criteria", "content_type": 8, "codename": "view_criteria"}}, {"model": "auth.permission", "pk": 89, "fields": {"name": "Can add criteria", "content_type": 1, "codename": "add_criteria"}}, {"model": "auth.permission", "pk": 90, "fields": {"name": "Can change criteria", "content_type": 1, "codename": "change_criteria"}}, {"model": "auth.permission", "pk": 91, "fields": {"name": "Can delete criteria", "content_type": 1, "codename": "delete_criteria"}}, {"model": "auth.permission", "pk": 92, "fields": {"name": "Can view criteria", "content_type": 1, "codename": "view_criteria"}}, {"model": "auth.permission", "pk": 93, "fields": {"name": "Can add team", "content_type": 6, "codename": "add_team"}}, {"model": "auth.permission", "pk": 94, "fields": {"name": "Can change team", "content_type": 6, "codename": "change_team"}}, {"model": "auth.permission", "pk": 95, "fields": {"name": "Can delete team", "content_type": 6, "codename": "delete_team"}}, {"model": "auth.permission", "pk": 96, "fields": {"name": "Can view team", "content_type": 6, "codename": "view_team"}}, {"model": "auth.permission", "pk": 97, "fields": {"name": "Can add category", "content_type": 3, "codename": "add_category"}}, {"model": "auth.permission", "pk": 98, "fields": {"name": "Can change category", "content_type": 3, "codename": "change_category"}}, {"model": "auth.permission", "pk": 99, "fields": {"name": "Can delete category", "content_type": 3, "codename": "delete_category"}}, {"model": "auth.permission", "pk": 100, "fields": {"name": "Can view category", "content_type": 3, "codename": "view_category"}}, {"model": "auth.permission", "pk": 101, "fields": {"name": "Can add criteria label", "content_type": 2, "codename": "add_criterialabel"}}, {"model": "auth.permission", "pk": 102, "fields": {"name": "Can change criteria label", "content_type": 2, "codename": "change_criterialabel"}}, {"model": "auth.permission", "pk": 103, "fields": {"name": "Can delete criteria label", "content_type": 2, "codename": "delete_criterialabel"}}, {"model": "auth.permission", "pk": 104, "fields": {"name": "Can view criteria label", "content_type": 2, "codename": "view_criterialabel"}}, {"model": "auth.permission", "pk": 105, "fields": {"name": "Can add demo score", "content_type": 5, "codename": "add_demoscore"}}, {"model": "auth.permission", "pk": 106, "fields": {"name": "Can change demo score", "content_type": 5, "codename": "change_demoscore"}}, {"model": "auth.permission", "pk": 107, "fields": {"name": "Can delete demo score", "content_type": 5, "codename": "delete_demoscore"}}, {"model": "auth.permission", "pk": 108, "fields": {"name": "Can view demo score", "content_type": 5, "codename": "view_demoscore"}}, {"model": "auth.permission", "pk": 109, "fields": {"name": "Can add organization", "content_type": 8, "codename": "add_organization"}}, {"model": "auth.permission", "pk": 110, "fields": {"name": "Can change organization", "content_type": 8, "codename": "change_organization"}}, {"model": "auth.permission", "pk": 111, "fields": {"name": "Can delete organization", "content_type": 8, "codename": "delete_organization"}}, {"model": "auth.permission", "pk": 112, "fields": {"name": "Can view organization", "content_type": 8, "codename": "view_organization"}}, {"model": "auth.permission", "pk": 113, "fields": {"name": "Can add demo", "content_type": 7, "codename": "add_demo"}}, {"model": "auth.permission", "pk": 114, "fields": {"name": "Can change demo", "content_type": 7, "codename": "change_demo"}}, {"model": "auth.permission", "pk": 115, "fields": {"name": "Can delete demo", "content_type": 7, "codename": "delete_demo"}}, {"model": "auth.permission", "pk": 116, "fields": {"name": "Can view demo", "content_type": 7, "codename": "view_demo"}}, {"model": "auth.permission", "pk": 117, "fields": {"name": "Can add permission", "content_type": 12, "codename": "add_permission"}}, {"model": "auth.permission", "pk": 118, "fields": {"name": "Can change permission", "content_type": 12, "codename": "change_permission"}}, {"model": "auth.permission", "pk": 119, "fields": {"name": "Can delete permission", "content_type": 12, "codename": "delete_permission"}}, {"model": "auth.permission", "pk": 120, "fields": {"name": "Can view permission", "content_type": 12, "codename": "view_permission"}}, {"model": "auth.permission", "pk": 121, "fields": {"name": "Can add group", "content_type": 11, "codename": "add_group"}}, {"model": "auth.permission", "pk": 122, "fields": {"name": "Can change group", "content_type": 11, "codename": "change_group"}}, {"model": "auth.permission", "pk": 123, "fields": {"name": "Can delete group", "content_type": 11, "codename": "delete_group"}}, {"model": "auth.permission", "pk": 124, "fields": {"name": "Can view group", "content_type": 11, "codename": "view_group"}}, {"model": "sessions.session", "pk": "mnb9b06xbc9osvcjmohjuz3ig9op57fz", "fields": {"session_data": "ODAwNWViNDIxNWZhMGQ4ZWYxZjRiZmY2ZmYwNWYzYTM2NjE4MDY1Yjp7Il9hdXRoX3VzZXJfaGFzaCI6IjY0MDFkNzFhYjI5OWVjMjk0N2M1Mzg3ZjBhZWU4ZWZiYmU0NmVkNDUiLCJfYXV0aF91c2VyX2JhY2tlbmQiOiJkamFuZ28uY29udHJpYi5hdXRoLmJhY2tlbmRzLk1vZGVsQmFja2VuZCIsIl9hdXRoX3VzZXJfaWQiOiIxIn0=", "expire_date": "2019-03-25T22:50:35.856Z"}}, {"model": "sessions.session", "pk": "v8vrg2p06nndgab6uz2z2se9w3h62h6z", "fields": {"session_data": "NDU5NmI3MjAwN2M1NDZjOTM1YTJmZDI2ZTIxYTBlZGFlNDc3YWE4Mzp7Il9hdXRoX3VzZXJfaGFzaCI6IjY5NWRjYjkwMjgzMzhiM2Q4NzBhY2U4YjE3YWJlNjk1NTIzM2Y5YTciLCJfYXV0aF91c2VyX2JhY2tlbmQiOiJkamFuZ28uY29udHJpYi5hdXRoLmJhY2tlbmRzLk1vZGVsQmFja2VuZCIsIl9hdXRoX3VzZXJfaWQiOiIyMCJ9", "expire_date": "2019-03-27T18:28:54.263Z"}}, {"model": "main.user", "pk": 20, "fields": {"password": "pbkdf2_sha256$120000$YWnnzEzoMfeS$H3dSZnArdyuWBYh4fb1EXHxE0IKbg5pxknRZQkdKclQ=", "last_login": "2019-03-13T18:28:54Z", "is_superuser": true, "username": "admin", "first_name": "admin", "last_name": "admin", "email": "", "is_staff": true, "is_active": true, "date_joined": "2019-03-13T18:28:49Z", "organization": null, "groups": [], "user_permissions": []}}, {"model": "main.user", "pk": 21, "fields": {"password": "pbkdf2_sha256$120000$5R5PFXElUZBP$IZUqArRfvlJCeEUHhbf09whSrtyyUP31HdMO0ptsEoI=", "last_login": null, "is_superuser": false, "username": "AH", "first_name": "Alice", "last_name": "Hamilton", "email": "", "is_staff": false, "is_active": true, "date_joined": "2019-03-13T18:29:10.879Z", "organization": 9, "groups": [], "user_permissions": []}}, {"model": "main.user", "pk": 22, "fields": {"password": "pbkdf2_sha256$120000$BRfhZ9BGgCGq$Y3fYV+YrN7nKwy2G0xFpbxs3DsrNZBIRDeUr87lLOWA=", "last_login": null, "is_superuser": false, "username": "AW", "first_name": "Alice", "last_name": "Washington", "email": "", "is_staff": false, "is_active": true, "date_joined": "2019-03-13T18:29:11.086Z", "organization": 9, "groups": [], "user_permissions": []}}, {"model": "main.user", "pk": 23, "fields": {"password": "pbkdf2_sha256$120000$YQZPBX9H2Osj$xYpw1zZNy4c6FvSlG0nRHxLJfuFvAaFsrWJwkA2D/n8=", "last_login": null, "is_superuser": false, "username": "AA", "first_name": "Alice", "last_name": "Adams", "email": "", "is_staff": false, "is_active": true, "date_joined": "2019-03-13T18:29:11.279Z", "organization": 9, "groups": [], "user_permissions": []}}, {"model": "main.user", "pk": 24, "fields": {"password": "pbkdf2_sha256$120000$6rOOFuR0mfs7$hYX5cCMGly2GQQPjwEBC3WRjAXZ72kGOXJkgmTxh3tM=", "last_login": null, "is_superuser": false, "username": "AM", "first_name": "Alice", "last_name": "Madison", "email": "", "is_staff": false, "is_active": true, "date_joined": "2019-03-13T18:29:11.464Z", "organization": 9, "groups": [], "user_permissions": []}}, {"model": "main.user", "pk": 25, "fields": {"password": "pbkdf2_sha256$120000$Qa0CtTF8a8x6$TbE0Qar4JqZum9GchQ0zBctkJjsUn7TrKSyQYc82LRw=", "last_login": null, "is_superuser": false, "username": "AJ", "first_name": "Alice", "last_name": "Jefferson", "email": "", "is_staff": false, "is_active": true, "date_joined": "2019-03-13T18:29:11.630Z", "organization": 40, "groups": [], "user_permissions": []}}, {"model": "main.user", "pk": 26, "fields": {"password": "pbkdf2_sha256$120000$S7HAQ0cmqB2P$8MSTadwitXHsyXRWpK8ovjXXm22ifvuBYbHIsptLO5M=", "last_login": null, "is_superuser": false, "username": "AF", "first_name": "Alice", "last_name": "Franklin", "email": "", "is_staff": false, "is_active": true, "date_joined": "2019-03-13T18:29:11.782Z", "organization": 40, "groups": [], "user_permissions": []}}, {"model": "main.user", "pk": 27, "fields": {"password": "pbkdf2_sha256$120000$IQYSoUalGJqu$DlpoB+SNWW8NO4MQJOn+u5+Bp5jbi1oW/9w1AMn1w8E=", "last_login": null, "is_superuser": false, "username": "AL", "first_name": "Alice", "last_name": "Laurens", "email": "", "is_staff": false, "is_active": true, "date_joined": "2019-03-13T18:29:11.944Z", "organization": 38, "groups": [], "user_permissions": []}}, {"model": "main.user", "pk": 28, "fields": {"password": "pbkdf2_sha256$120000$SO1WBnLUauUs$XYaJvr6HJlEN935iKqVWr5jtJ+6m1ycBqvg1osQqftc=", "last_login": null, "is_superuser": false, "username": "AS", "first_name": "Alice", "last_name": "Schuyler", "email": "", "is_staff": false, "is_active": true, "date_joined": "2019-03-13T18:29:12.106Z", "organization": 38, "groups": [], "user_permissions": []}}, {"model": "main.user", "pk": 29, "fields": {"password": "pbkdf2_sha256$120000$4TI3olRklRg6$c2dIqJfELbB8vy50OYoQxWUbyCRY7bDzryjkQdjT6lM=", "last_login": null, "is_superuser": false, "username": "BH", "first_name": "Bob", "last_name": "Hamilton", "email": "", "is_staff": false, "is_active": true, "date_joined": "2019-03-13T18:29:12.279Z", "organization": 5, "groups": [], "user_permissions": []}}, {"model": "main.user", "pk": 30, "fields": {"password": "pbkdf2_sha256$120000$pe2pNMUcGT96$8ECOfm1OMhpa33BJehJ9J7rEfpfWgYlH6U1H+/abL6w=", "last_login": null, "is_superuser": false, "username": "BW", "first_name": "Bob", "last_name": "Washington", "email": "", "is_staff": false, "is_active": true, "date_joined": "2019-03-13T18:29:12.450Z", "organization": 5, "groups": [], "user_permissions": []}}, {"model": "main.user", "pk": 31, "fields": {"password": "pbkdf2_sha256$120000$pti94QfErwPY$k2e46X0+J6/X07wrAbW07Ih8nIvdgqJXhs8WCU+zG3Y=", "last_login": null, "is_superuser": false, "username": "BA", "first_name": "Bob", "last_name": "Adams", "email": "", "is_staff": false, "is_active": true, "date_joined": "2019-03-13T18:29:12.608Z", "organization": 5, "groups": [], "user_permissions": []}}, {"model": "main.user", "pk": 32, "fields": {"password": "pbkdf2_sha256$120000$6FLnMOfXvyjA$Byi/eq7VHTz2gv4UZeC1ZqUqGP/0H8nlP011Cx8QNxQ=", "last_login": null, "is_superuser": false, "username": "BM", "first_name": "Bob", "last_name": "Madison", "email": "", "is_staff": false, "is_active": true, "date_joined": "2019-03-13T18:29:12.808Z", "organization": 5, "groups": [], "user_permissions": []}}, {"model": "main.user", "pk": 33, "fields": {"password": "pbkdf2_sha256$120000$AxC1YXIBSlVp$Ynq/7v33MPXSuO2QoicyX1JkfCaD2fP82wlfSUVqzjU=", "last_login": null, "is_superuser": false, "username": "BJ", "first_name": "Bob", "last_name": "Jefferson", "email": "", "is_staff": false, "is_active": true, "date_joined": "2019-03-13T18:29:13.013Z", "organization": 36, "groups": [], "user_permissions": []}}, {"model": "main.user", "pk": 34, "fields": {"password": "pbkdf2_sha256$120000$5BwAcq2FGpdt$4rGy/i7N9KhWfOJ9vCSwQIb4FLMFZoaMhAJf0ImMc2U=", "last_login": null, "is_superuser": false, "username": "BF", "first_name": "Bob", "last_name": "Franklin", "email": "", "is_staff": false, "is_active": true, "date_joined": "2019-03-13T18:29:13.178Z", "organization": 36, "groups": [], "user_permissions": []}}, {"model": "main.user", "pk": 35, "fields": {"password": "pbkdf2_sha256$120000$Csy67xJohNG7$REezeZu7czM9Bko6fLrRcVR61te+vLYJgVBs9K1678w=", "last_login": null, "is_superuser": false, "username": "BL", "first_name": "Bob", "last_name": "Laurens", "email": "", "is_staff": false, "is_active": true, "date_joined": "2019-03-13T18:29:13.349Z", "organization": 36, "groups": [], "user_permissions": []}}, {"model": "main.user", "pk": 36, "fields": {"password": "pbkdf2_sha256$120000$SOIxWLxJiJ6Q$yiwrgrhEvYweMBaE8J9UqIj6BCXxNbSR2tIaZSxIZJ8=", "last_login": null, "is_superuser": false, "username": "BS", "first_name": "Bob", "last_name": "Schuyler", "email": "", "is_staff": false, "is_active": true, "date_joined": "2019-03-13T18:29:13.522Z", "organization": 2, "groups": [], "user_permissions": []}}, {"model": "main.user", "pk": 37, "fields": {"password": "pbkdf2_sha256$120000$Y2AGtSPdOMbu$mnC9Sp+tNtm4eJVv2MbZsGK6ZTsUAls6RnKj9n31waY=", "last_login": null, "is_superuser": false, "username": "CH", "first_name": "Charlie", "last_name": "Hamilton", "email": "", "is_staff": false, "is_active": true, "date_joined": "2019-03-13T18:29:13.691Z", "organization": 8, "groups": [], "user_permissions": []}}, {"model": "main.user", "pk": 38, "fields": {"password": "pbkdf2_sha256$120000$et9f8HR27YlY$OOw0sQW4S622k1i89IwgHnBr1DK163glq5fk3R2xaSI=", "last_login": null, "is_superuser": false, "username": "CW", "first_name": "Charlie", "last_name": "Washington", "email": "", "is_staff": false, "is_active": true, "date_joined": "2019-03-13T18:29:13.854Z", "organization": 8, "groups": [], "user_permissions": []}}, {"model": "main.user", "pk": 39, "fields": {"password": "pbkdf2_sha256$120000$xXTBDk7R4a5d$i60E4iwCBAzzrSUpqWYZJ+PUeR21ju6WmF+7M0w8e5Y=", "last_login": null, "is_superuser": false, "username": "CA", "first_name": "Charlie", "last_name": "Adams", "email": "", "is_staff": false, "is_active": true, "date_joined": "2019-03-13T18:29:14.043Z", "organization": 8, "groups": [], "user_permissions": []}}, {"model": "main.user", "pk": 40, "fields": {"password": "pbkdf2_sha256$120000$WqvarWogOal8$IR1D+nz4Un+cR5ewz70ZsnJgxwqoXxaisS7nWxRGkdY=", "last_login": null, "is_superuser": false, "username": "CM", "first_name": "Charlie", "last_name": "Madison", "email": "", "is_staff": false, "is_active": true, "date_joined": "2019-03-13T18:29:14.241Z", "organization": 8, "groups": [], "user_permissions": []}}, {"model": "main.user", "pk": 41, "fields": {"password": "pbkdf2_sha256$120000$uRG0u4bOLuRp$UM20YwxTQio17LW5oIYqtJ5Gjl7QMsQW3TvyPro69M0=", "last_login": null, "is_superuser": false, "username": "CJ", "first_name": "Charlie", "last_name": "Jefferson", "email": "", "is_staff": false, "is_active": true, "date_joined": "2019-03-13T18:29:14.400Z", "organization": 8, "groups": [], "user_permissions": []}}, {"model": "main.user", "pk": 42, "fields": {"password": "pbkdf2_sha256$120000$5khJm7d7WPRY$l5KNfw/RsqHCtzGe5cJk9khHydOqhVkTvi4ZOWSGS+c=", "last_login": null, "is_superuser": false, "username": "CF", "first_name": "Charlie", "last_name": "Franklin", "email": "", "is_staff": false, "is_active": true, "date_joined": "2019-03-13T18:29:14.541Z", "organization": 8, "groups": [], "user_permissions": []}}, {"model": "main.user", "pk": 43, "fields": {"password": "pbkdf2_sha256$120000$abU22c5jT13V$cII5sOBqWKwSbYkdTPhEquJGrfQ2ycNMFQBRe02ENBE=", "last_login": null, "is_superuser": false, "username": "CL", "first_name": "Charlie", "last_name": "Laurens", "email": "", "is_staff": false, "is_active": true, "date_joined": "2019-03-13T18:29:14.682Z", "organization": 8, "groups": [], "user_permissions": []}}, {"model": "main.user", "pk": 44, "fields": {"password": "pbkdf2_sha256$120000$qavrxZSMvG0X$/j7OnrlVNKbcerWOtbAvkHZiFaRby5mRQbj4T73mkR4=", "last_login": null, "is_superuser": false, "username": "CS", "first_name": "Charlie", "last_name": "Schuyler", "email": "", "is_staff": false, "is_active": true, "date_joined": "2019-03-13T18:29:14.824Z", "organization": 8, "groups": [], "user_permissions": []}}, {"model": "main.user", "pk": 45, "fields": {"password": "pbkdf2_sha256$120000$EXx4t3tOlsWe$7//ZX46zrz+mEOTnnfOTGqAPP3LdjC+oqmdVn6TXfeQ=", "last_login": null, "is_superuser": false, "username": "DH", "first_name": "Dave", "last_name": "Hamilton", "email": "", "is_staff": false, "is_active": true, "date_joined": "2019-03-13T18:29:14.997Z", "organization": 31, "groups": [], "user_permissions": []}}, {"model": "main.user", "pk": 46, "fields": {"password": "pbkdf2_sha256$120000$8CcZvCJCVg27$eY0jl2iROq6WHnXM4jrbuZTNtJoXu89pn3WLOR/Ex4U=", "last_login": null, "is_superuser": false, "username": "DW", "first_name": "Dave", "last_name": "Washington", "email": "", "is_staff": false, "is_active": true, "date_joined": "2019-03-13T18:29:15.147Z", "organization": 31, "groups": [], "user_permissions": []}}, {"model": "main.user", "pk": 47, "fields": {"password": "pbkdf2_sha256$120000$BbE4xF8d9dKV$qMfvFC0oXFIe82/s52uerMrFTB1J6fkgqeMiDwJzm6I=", "last_login": null, "is_superuser": false, "username": "DA", "first_name": "Dave", "last_name": "Adams", "email": "", "is_staff": false, "is_active": true, "date_joined": "2019-03-13T18:29:15.298Z", "organization": 34, "groups": [], "user_permissions": []}}, {"model": "main.user", "pk": 48, "fields": {"password": "pbkdf2_sha256$120000$UidL4x1eLXcR$c7Oz4WmI6DNtwloE0AhNkPDnpwhPA7Jwrebrv91UjIQ=", "last_login": null, "is_superuser": false, "username": "DM", "first_name": "Dave", "last_name": "Madison", "email": "", "is_staff": false, "is_active": true, "date_joined": "2019-03-13T18:29:15.442Z", "organization": 34, "groups": [], "user_permissions": []}}, {"model": "main.user", "pk": 49, "fields": {"password": "pbkdf2_sha256$120000$3TonhAJDVJtw$LoPyXeJlRNAvnkrygsn2JOg/OoCPSK/IulE+lk/cirs=", "last_login": null, "is_superuser": false, "username": "DJ", "first_name": "Dave", "last_name": "Jefferson", "email": "", "is_staff": false, "is_active": true, "date_joined": "2019-03-13T18:29:15.588Z", "organization": 34, "groups": [], "user_permissions": []}}, {"model": "main.user", "pk": 50, "fields": {"password": "pbkdf2_sha256$120000$zwH5lgr3YHvS$eUeHYjO2N89/JRp0iBXAGI6k/iHGJ99CmhjChvP3L8o=", "last_login": null, "is_superuser": false, "username": "DF", "first_name": "Dave", "last_name": "Franklin", "email": "", "is_staff": false, "is_active": true, "date_joined": "2019-03-13T18:29:15.734Z", "organization": 6, "groups": [], "user_permissions": []}}, {"model": "main.user", "pk": 51, "fields": {"password": "pbkdf2_sha256$120000$RKdmHr2ex6np$d+Q20Cim8+kbMNvDwV7QfcmwdYIZ4rN1s9tsvS/jhNU=", "last_login": null, "is_superuser": false, "username": "DL", "first_name": "Dave", "last_name": "Laurens", "email": "", "is_staff": false, "is_active": true, "date_joined": "2019-03-13T18:29:15.880Z", "organization": 6, "groups": [], "user_permissions": []}}, {"model": "main.user", "pk": 52, "fields": {"password": "pbkdf2_sha256$120000$6KK5RbYHWhNN$qjACIX+vyZzeAF9QYbiM731iDqTB8wXkeSN7X56jWw8=", "last_login": null, "is_superuser": false, "username": "DS", "first_name": "Dave", "last_name": "Schuyler", "email": "", "is_staff": false, "is_active": true, "date_joined": "2019-03-13T18:29:16.022Z", "organization": 6, "groups": [], "user_permissions": []}}, {"model": "main.user", "pk": 53, "fields": {"password": "pbkdf2_sha256$120000$3CvNkfGLHkgV$JJ4n7QNc/ocxwbV4DKlGPfZutyC66EE7XnxjLrzXVQE=", "last_login": null, "is_superuser": false, "username": "EH", "first_name": "Eli", "last_name": "Hamilton", "email": "", "is_staff": false, "is_active": true, "date_joined": "2019-03-13T18:29:16.172Z", "organization": 6, "groups": [], "user_permissions": []}}, {"model": "main.user", "pk": 54, "fields": {"password": "pbkdf2_sha256$120000$Z2jMia9ZsQlt$waBHUedD91NhWsYDdd+WFR95UQ3x1IMBZGTKea4mZ/0=", "last_login": null, "is_superuser": false, "username": "EW", "first_name": "Eli", "last_name": "Washington", "email": "", "is_staff": false, "is_active": true, "date_joined": "2019-03-13T18:29:16.329Z", "organization": 6, "groups": [], "user_permissions": []}}, {"model": "main.user", "pk": 55, "fields": {"password": "pbkdf2_sha256$120000$U7tD7QGEzbqr$MrA6LM0V/meM755H8315e26SkLWSZ1IoSesG4AsciyQ=", "last_login": null, "is_superuser": false, "username": "EA", "first_name": "Eli", "last_name": "Adams", "email": "", "is_staff": false, "is_active": true, "date_joined": "2019-03-13T18:29:16.471Z", "organization": 6, "groups": [], "user_permissions": []}}, {"model": "main.user", "pk": 56, "fields": {"password": "pbkdf2_sha256$120000$tG6yAKYbSowg$DT/I+ba6LzzeApInAKeXIe0WLgIBThhOGVs5P8hN7PY=", "last_login": null, "is_superuser": false, "username": "EM", "first_name": "Eli", "last_name": "Madison", "email": "", "is_staff": false, "is_active": true, "date_joined": "2019-03-13T18:29:16.615Z", "organization": 11, "groups": [], "user_permissions": []}}, {"model": "main.user", "pk": 57, "fields": {"password": "pbkdf2_sha256$120000$kYNARfOMRl71$uQ4OVg7mfYbN3PPU1UJAC4MTlv4r/NqGmfUV/HhCw8w=", "last_login": null, "is_superuser": false, "username": "EJ", "first_name": "Eli", "last_name": "Jefferson", "email": "", "is_staff": false, "is_active": true, "date_joined": "2019-03-13T18:29:16.762Z", "organization": 11, "groups": [], "user_permissions": []}}, {"model": "main.user", "pk": 58, "fields": {"password": "pbkdf2_sha256$120000$Yrkned3ev8JB$VT8Chh13IFeS/WLeXVXypTyclG7BN4CpCoV4UAZOjOo=", "last_login": null, "is_superuser": false, "username": "EF", "first_name": "Eli", "last_name": "Franklin", "email": "", "is_staff": false, "is_active": true, "date_joined": "2019-03-13T18:29:16.905Z", "organization": 35, "groups": [], "user_permissions": []}}, {"model": "main.user", "pk": 59, "fields": {"password": "pbkdf2_sha256$120000$10TRwS3RV7LE$bajEdwY6GgWG2hxsuAmwR1dObsIgFvIUCyqM/BM/Xf4=", "last_login": null, "is_superuser": false, "username": "EL", "first_name": "Eli", "last_name": "Laurens", "email": "", "is_staff": false, "is_active": true, "date_joined": "2019-03-13T18:29:17.048Z", "organization": 35, "groups": [], "user_permissions": []}}, {"model": "main.user", "pk": 60, "fields": {"password": "pbkdf2_sha256$120000$rlLTKZ9X351a$f3ytQst96eP05hztOzPEe+0OpNSpqil0wrJp9WnjmFc=", "last_login": null, "is_superuser": false, "username": "ES", "first_name": "Eli", "last_name": "Schuyler", "email": "", "is_staff": false, "is_active": true, "date_joined": "2019-03-13T18:29:17.194Z", "organization": 35, "groups": [], "user_permissions": []}}, {"model": "main.user", "pk": 61, "fields": {"password": "pbkdf2_sha256$120000$fctk3ELoRlJq$LephLZrra+GO7l9huzt++J3I7Pdd39qjkMOdhR29JfA=", "last_login": null, "is_superuser": false, "username": "FH", "first_name": "Frank", "last_name": "Hamilton", "email": "", "is_staff": false, "is_active": true, "date_joined": "2019-03-13T18:29:17.347Z", "organization": 35, "groups": [], "user_permissions": []}}, {"model": "main.user", "pk": 62, "fields": {"password": "pbkdf2_sha256$120000$SdTjPe1sS86O$2ovAwYZY/tSwztUGm6OqQKYea0HLyn9I19enHz3j4mo=", "last_login": null, "is_superuser": false, "username": "FW", "first_name": "Frank", "last_name": "Washington", "email": "", "is_staff": false, "is_active": true, "date_joined": "2019-03-13T18:29:17.484Z", "organization": 10, "groups": [], "user_permissions": []}}, {"model": "main.user", "pk": 63, "fields": {"password": "pbkdf2_sha256$120000$Z6UJLLN6ZOsu$XUJL58p9J1ZTEZEqQwKDLVFHQfsO6li+Hy3/saoMKCA=", "last_login": null, "is_superuser": false, "username": "FA", "first_name": "Frank", "last_name": "Adams", "email": "", "is_staff": false, "is_active": true, "date_joined": "2019-03-13T18:29:17.632Z", "organization": 10, "groups": [], "user_permissions": []}}, {"model": "main.user", "pk": 64, "fields": {"password": "pbkdf2_sha256$120000$ik8PqW3jgQnQ$oegQgE68oz2WtLu0qPoC7VbvuukICfiXbHaxNGpOrew=", "last_login": null, "is_superuser": false, "username": "FM", "first_name": "Frank", "last_name": "Madison", "email": "", "is_staff": false, "is_active": true, "date_joined": "2019-03-13T18:29:17.772Z", "organization": 10, "groups": [], "user_permissions": []}}, {"model": "main.user", "pk": 65, "fields": {"password": "pbkdf2_sha256$120000$LMkO2GAMsnvY$7F/61B5Q/gmXnppsWCREeINcBaivuHKzrUnfIYhs/+8=", "last_login": null, "is_superuser": false, "username": "FJ", "first_name": "Frank", "last_name": "Jefferson", "email": "", "is_staff": false, "is_active": true, "date_joined": "2019-03-13T18:29:17.919Z", "organization": 10, "groups": [], "user_permissions": []}}, {"model": "main.user", "pk": 66, "fields": {"password": "pbkdf2_sha256$120000$uUNBjJEsPCnM$vZZQQSAsomQ341OQuRB0+wcCIA4opsD5OURSgxQ+FmU=", "last_login": null, "is_superuser": false, "username": "FF", "first_name": "Frank", "last_name": "Franklin", "email": "", "is_staff": false, "is_active": true, "date_joined": "2019-03-13T18:29:18.071Z", "organization": 37, "groups": [], "user_permissions": []}}, {"model": "main.user", "pk": 67, "fields": {"password": "pbkdf2_sha256$120000$MeYj1BmpcGM1$Xw2dNyEICFqimbwjBMuze3X7bByCAPc+XKN6Rc7W0Mc=", "last_login": null, "is_superuser": false, "username": "FL", "first_name": "Frank", "last_name": "Laurens", "email": "", "is_staff": false, "is_active": true, "date_joined": "2019-03-13T18:29:18.217Z", "organization": 37, "groups": [], "user_permissions": []}}, {"model": "main.user", "pk": 68, "fields": {"password": "pbkdf2_sha256$120000$UeW9Fu8e1e8i$R5qUBFBuSAs13Fx2YZndLWdShLJQkgwy+3UK8+Kucpk=", "last_login": null, "is_superuser": false, "username": "FS", "first_name": "Frank", "last_name": "Schuyler", "email": "", "is_staff": false, "is_active": true, "date_joined": "2019-03-13T18:29:18.363Z", "organization": 7, "groups": [], "user_permissions": []}}, {"model": "main.user", "pk": 69, "fields": {"password": "pbkdf2_sha256$120000$LNJyMhNZqKJx$DMu7Xwun5pj6CxHkQwep9oKZ/MieeUmhkuZCQqMJQSU=", "last_login": null, "is_superuser": false, "username": "GH", "first_name": "Gabriella", "last_name": "Hamilton", "email": "", "is_staff": false, "is_active": true, "date_joined": "2019-03-13T18:29:18.533Z", "organization": null, "groups": [], "user_permissions": []}}, {"model": "main.user", "pk": 70, "fields": {"password": "pbkdf2_sha256$120000$Si0eBsA1T51l$k3WLAd6BXv2B1CtswZPbOz49dOc2Zx5hbxANVaO1uVI=", "last_login": null, "is_superuser": false, "username": "GW", "first_name": "Gabriella", "last_name": "Washington", "email": "", "is_staff": false, "is_active": true, "date_joined": "2019-03-13T18:29:18.690Z", "organization": null, "groups": [], "user_permissions": []}}, {"model": "main.user", "pk": 71, "fields": {"password": "pbkdf2_sha256$120000$k5pjRR0Ecc6H$Omw3okB9jR7hro5Hepfuya8KmLFcE8DtaAn0Sxbr/zI=", "last_login": null, "is_superuser": false, "username": "GA", "first_name": "Gabriella", "last_name": "Adams", "email": "", "is_staff": false, "is_active": true, "date_joined": "2019-03-13T18:29:18.836Z", "organization": null, "groups": [], "user_permissions": []}}, {"model": "main.user", "pk": 72, "fields": {"password": "pbkdf2_sha256$120000$rifRGY8bTYOg$gVMwlXR4WBWtnDGWKUtmaQLQ53im+UtdS4TWIrMY13A=", "last_login": null, "is_superuser": false, "username": "GM", "first_name": "Gabriella", "last_name": "Madison", "email": "", "is_staff": false, "is_active": true, "date_joined": "2019-03-13T18:29:18.996Z", "organization": null, "groups": [], "user_permissions": []}}, {"model": "main.user", "pk": 73, "fields": {"password": "pbkdf2_sha256$120000$CxTUybjrtii4$3emiv6dpyHCXtcyw50WP8wcnRXaF5wZWsyN06KJsyO4=", "last_login": null, "is_superuser": false, "username": "GJ", "first_name": "Gabriella", "last_name": "Jefferson", "email": "", "is_staff": false, "is_active": true, "date_joined": "2019-03-13T18:29:19.158Z", "organization": null, "groups": [], "user_permissions": []}}, {"model": "main.user", "pk": 74, "fields": {"password": "pbkdf2_sha256$120000$mju3CO0q9VFi$cNfkAgzbM4pB2Ku5RoFIhF65BkpNXFRema66LW6fL+E=", "last_login": null, "is_superuser": false, "username": "GF", "first_name": "Gabriella", "last_name": "Franklin", "email": "", "is_staff": false, "is_active": true, "date_joined": "2019-03-13T18:29:19.332Z", "organization": null, "groups": [], "user_permissions": []}}, {"model": "main.user", "pk": 75, "fields": {"password": "pbkdf2_sha256$120000$77ecpPzRvqAP$clN/volynTGe0ZODBD8+N32to/tbdXpgi/QjsTwQHTY=", "last_login": null, "is_superuser": false, "username": "GL", "first_name": "Gabriella", "last_name": "Laurens", "email": "", "is_staff": false, "is_active": true, "date_joined": "2019-03-13T18:29:19.498Z", "organization": null, "groups": [], "user_permissions": []}}, {"model": "main.user", "pk": 76, "fields": {"password": "pbkdf2_sha256$120000$s0DYqlk6rn7x$mkBRW5iuwn1KpphxTlxPLwlNy9WXNLgaYW2J15dEOA8=", "last_login": null, "is_superuser": false, "username": "GS", "first_name": "Gabriella", "last_name": "Schuyler", "email": "", "is_staff": false, "is_active": true, "date_joined": "2019-03-13T18:29:19.682Z", "organization": null, "groups": [], "user_permissions": []}}, {"model": "main.user", "pk": 77, "fields": {"password": "pbkdf2_sha256$120000$fKqomjOf6Vuh$Cf/zR2hDyPr0VrwlLr0R5bn8/Mwugbz+abPZLgLskuA=", "last_login": null, "is_superuser": false, "username": "HH", "first_name": "Hans", "last_name": "Hamilton", "email": "", "is_staff": false, "is_active": true, "date_joined": "2019-03-13T18:29:19.837Z", "organization": null, "groups": [], "user_permissions": []}}, {"model": "main.user", "pk": 78, "fields": {"password": "pbkdf2_sha256$120000$9sGqtorjNlri$fdyQCNXJWJgQW3jE3/HQ0HWjqOxNFcYcqQF5RYXL/Pc=", "last_login": null, "is_superuser": false, "username": "HW", "first_name": "Hans", "last_name": "Washington", "email": "", "is_staff": false, "is_active": true, "date_joined": "2019-03-13T18:29:20.022Z", "organization": null, "groups": [], "user_permissions": []}}, {"model": "main.user", "pk": 79, "fields": {"password": "pbkdf2_sha256$120000$85gzGA3sUlfz$U8rLci+ADLDOQawaM69SK4O4wZis6W3Fauy8VwkAdqw=", "last_login": null, "is_superuser": false, "username": "HA", "first_name": "Hans", "last_name": "Adams", "email": "", "is_staff": false, "is_active": true, "date_joined": "2019-03-13T18:29:20.213Z", "organization": null, "groups": [], "user_permissions": []}}, {"model": "main.user", "pk": 80, "fields": {"password": "pbkdf2_sha256$120000$pLWAi36zzYso$2AEftmgwRyZu6uVX7p8KvSuCRO5GuaQstgoknunSX/8=", "last_login": null, "is_superuser": false, "username": "HM", "first_name": "Hans", "last_name": "Madison", "email": "", "is_staff": false, "is_active": true, "date_joined": "2019-03-13T18:29:20.428Z", "organization": null, "groups": [], "user_permissions": []}}, {"model": "main.user", "pk": 81, "fields": {"password": "pbkdf2_sha256$120000$CpkkLgqiQ06F$rrzBKDURlntAjZiNkrHhp6C3fRU9aCKWhUwc6eun3aQ=", "last_login": null, "is_superuser": false, "username": "HJ", "first_name": "Hans", "last_name": "Jefferson", "email": "", "is_staff": false, "is_active": true, "date_joined": "2019-03-13T18:29:20.617Z", "organization": null, "groups": [], "user_permissions": []}}, {"model": "main.user", "pk": 82, "fields": {"password": "pbkdf2_sha256$120000$stsAaU38fZRP$kH+M8P1X/s6jgdI8uYFPb+a/dDYy/TYdA0yWQQ1EJz0=", "last_login": null, "is_superuser": false, "username": "HF", "first_name": "Hans", "last_name": "Franklin", "email": "", "is_staff": false, "is_active": true, "date_joined": "2019-03-13T18:29:20.796Z", "organization": null, "groups": [], "user_permissions": []}}, {"model": "main.user", "pk": 83, "fields": {"password": "pbkdf2_sha256$120000$vv39BiqsEDH6$1dcvqHvjcVKy54aa62wmWoZlLF3ldNyJXPeeVsNICXQ=", "last_login": null, "is_superuser": false, "username": "HL", "first_name": "Hans", "last_name": "Laurens", "email": "", "is_staff": false, "is_active": true, "date_joined": "2019-03-13T18:29:20.969Z", "organization": null, "groups": [], "user_permissions": []}}, {"model": "main.user", "pk": 84, "fields": {"password": "pbkdf2_sha256$120000$nA8MmOjVmV2v$XfHfO9Dqy83BolPxXIFv7cqBQi3iosryOieUF1SI9YU=", "last_login": null, "is_superuser": false, "username": "HS", "first_name": "Hans", "last_name": "Schuyler", "email": "", "is_staff": false, "is_active": true, "date_joined": "2019-03-13T18:29:21.169Z", "organization": null, "groups": [], "user_permissions": []}}, {"model": "main.user", "pk": 85, "fields": {"password": "pbkdf2_sha256$120000$tUP2PbiD8GPi$idVtA/UGs3qVQWGxPRWAaaG0H555fo4jZtfoYQzW3ac=", "last_login": null, "is_superuser": false, "username": "IH", "first_name": "Isabelle", "last_name": "Hamilton", "email": "", "is_staff": false, "is_active": true, "date_joined": "2019-03-13T18:29:21.356Z", "organization": null, "groups": [], "user_permissions": []}}, {"model": "main.user", "pk": 86, "fields": {"password": "pbkdf2_sha256$120000$5m3aqoENUh43$v2SNMCNvuNi8VWt/QdJLfTvqFb1JuohRHt8YZ9GLVoE=", "last_login": null, "is_superuser": false, "username": "IW", "first_name": "Isabelle", "last_name": "Washington", "email": "", "is_staff": false, "is_active": true, "date_joined": "2019-03-13T18:29:21.519Z", "organization": null, "groups": [], "user_permissions": []}}, {"model": "main.user", "pk": 87, "fields": {"password": "pbkdf2_sha256$120000$kipFoijFVNIo$OEmeh6izQ/uHpWb5o9/e4bkZ9IB3fFrtMPtx6p3wksc=", "last_login": null, "is_superuser": false, "username": "IA", "first_name": "Isabelle", "last_name": "Adams", "email": "", "is_staff": false, "is_active": true, "date_joined": "2019-03-13T18:29:21.728Z", "organization": null, "groups": [], "user_permissions": []}}, {"model": "main.user", "pk": 88, "fields": {"password": "pbkdf2_sha256$120000$tL56DFjbxtN2$gk5jBZm7n4PpW/ZgDoP8G3y0WZ1Wf2wWyLyBHZOXSD4=", "last_login": null, "is_superuser": false, "username": "IM", "first_name": "Isabelle", "last_name": "Madison", "email": "", "is_staff": false, "is_active": true, "date_joined": "2019-03-13T18:29:21.887Z", "organization": null, "groups": [], "user_permissions": []}}, {"model": "main.user", "pk": 89, "fields": {"password": "pbkdf2_sha256$120000$ieo00kdvHFVD$kIiK2X6baJj2rcXTe8UguHDyAQFDRPM0zRgA3Xi72u4=", "last_login": null, "is_superuser": false, "username": "IJ", "first_name": "Isabelle", "last_name": "Jefferson", "email": "", "is_staff": false, "is_active": true, "date_joined": "2019-03-13T18:29:22.042Z", "organization": null, "groups": [], "user_permissions": []}}, {"model": "main.user", "pk": 90, "fields": {"password": "pbkdf2_sha256$120000$IrPuAndCxKOX$wT3fPUefxQFw3QiNLEBdYZX62O+mtdBJ8QlNsnwGUjY=", "last_login": null, "is_superuser": false, "username": "IF", "first_name": "Isabelle", "last_name": "Franklin", "email": "", "is_staff": false, "is_active": true, "date_joined": "2019-03-13T18:29:22.221Z", "organization": null, "groups": [], "user_permissions": []}}, {"model": "main.user", "pk": 91, "fields": {"password": "pbkdf2_sha256$120000$G8wBICU8VLwf$4A+6qXRiZHJtqKFlKmpxgPDmciSsNcBNf2Jj1594Pws=", "last_login": null, "is_superuser": false, "username": "IL", "first_name": "Isabelle", "last_name": "Laurens", "email": "", "is_staff": false, "is_active": true, "date_joined": "2019-03-13T18:29:22.383Z", "organization": null, "groups": [], "user_permissions": []}}, {"model": "main.user", "pk": 92, "fields": {"password": "pbkdf2_sha256$120000$PkcNsvZp44wd$XJ/6d4r7B2FbUal/2LW/mvmf9OOJnAKBUTkgyuq/Pu0=", "last_login": null, "is_superuser": false, "username": "IS", "first_name": "Isabelle", "last_name": "Schuyler", "email": "", "is_staff": false, "is_active": true, "date_joined": "2019-03-13T18:29:22.547Z", "organization": null, "groups": [], "user_permissions": []}}, {"model": "admin.logentry", "pk": 135, "fields": {"action_time": "2019-03-13T18:28:59.596Z", "user": 20, "content_type": 9, "object_id": "20", "object_repr": "admin admin <None>", "action_flag": 2, "change_message": "[{\"changed\": {\"fields\": [\"first_name\", \"last_name\"]}}]"}}, {"model": "admin.logentry", "pk": 136, "fields": {"action_time": "2019-03-13T18:41:36.134Z", "user": 20, "content_type": 1, "object_id": "4", "object_repr": "Technicality", "action_flag": 1, "change_message": "[{\"added\": {}}]"}}, {"model": "admin.logentry", "pk": 137, "fields": {"action_time": "2019-03-13T18:41:41.153Z", "user": 20, "content_type": 1, "object_id": "5", "object_repr": "Feasibility", "action_flag": 1, "change_message": "[{\"added\": {}}]"}}, {"model": "admin.logentry", "pk": 138, "fields": {"action_time": "2019-03-13T18:41:48.823Z", "user": 20, "content_type": 1, "object_id": "6", "object_repr": "UI/UX", "action_flag": 1, "change_message": "[{\"added\": {}}]"}}, {"model": "admin.logentry", "pk": 139, "fields": {"action_time": "2019-03-13T18:42:13.242Z", "user": 20, "content_type": 6, "object_id": "130", "object_repr": "[ID#130] HooHacks19.2", "action_flag": 3, "change_message": ""}}, {"model": "admin.logentry", "pk": 140, "fields": {"action_time": "2019-03-13T18:42:13.251Z", "user": 20, "content_type": 6, "object_id": "129", "object_repr": "[ID#129] EmptySeats", "action_flag": 3, "change_message": ""}}, {"model": "admin.logentry", "pk": 141, "fields": {"action_time": "2019-03-13T18:42:13.257Z", "user": 20, "content_type": 6, "object_id": "128", "object_repr": "[ID#128] Bet It On Credit", "action_flag": 3, "change_message": ""}}, {"model": "admin.logentry", "pk": 142, "fields": {"action_time": "2019-03-13T18:42:13.263Z", "user": 20, "content_type": 6, "object_id": "127", "object_repr": "[ID#127] Bigfin", "action_flag": 3, "change_message": ""}}, {"model": "admin.logentry", "pk": 143, "fields": {"action_time": "2019-03-13T18:42:13.269Z", "user": 20, "content_type": 6, "object_id": "126", "object_repr": "[ID#126] XR-AID", "action_flag": 3, "change_message": ""}}, {"model": "admin.logentry", "pk": 144, "fields": {"action_time": "2019-03-13T18:42:13.273Z", "user": 20, "content_type": 6, "object_id": "125", "object_repr": "[ID#125] EnglishForAll", "action_flag": 3, "change_message": ""}}, {"model": "admin.logentry", "pk": 145, "fields": {"action_time": "2019-03-13T18:42:13.279Z", "user": 20, "content_type": 6, "object_id": "124", "object_repr": "[ID#124] Car Flex", "action_flag": 3, "change_message": ""}}, {"model": "admin.logentry", "pk": 146, "fields": {"action_time": "2019-03-13T18:42:13.286Z", "user": 20, "content_type": 6, "object_id": "123", "object_repr": "[ID#123] Sylla-snap", "action_flag": 3, "change_message": ""}}, {"model": "admin.logentry", "pk": 147, "fields": {"action_time": "2019-03-13T18:42:13.290Z", "user": 20, "content_type": 6, "object_id": "122", "object_repr": "[ID#122] Zinc", "action_flag": 3, "change_message": ""}}, {"model": "admin.logentry", "pk": 148, "fields": {"action_time": "2019-03-13T18:42:13.295Z", "user": 20, "content_type": 6, "object_id": "121", "object_repr": "[ID#121] N/A", "action_flag": 3, "change_message": ""}}, {"model": "admin.logentry", "pk": 149, "fields": {"action_time": "2019-03-13T18:42:13.306Z", "user": 20, "content_type": 6, "object_id": "120", "object_repr": "[ID#120] Sold on Sales", "action_flag": 3, "change_message": ""}}, {"model": "admin.logentry", "pk": 150, "fields": {"action_time": "2019-03-13T18:42:13.312Z", "user": 20, "content_type": 6, "object_id": "119", "object_repr": "[ID#119] Au Revoir", "action_flag": 3, "change_message": ""}}, {"model": "admin.logentry", "pk": 151, "fields": {"action_time": "2019-03-13T18:42:13.317Z", "user": 20, "content_type": 6, "object_id": "118", "object_repr": "[ID#118] LinkLine", "action_flag": 3, "change_message": ""}}, {"model": "admin.logentry", "pk": 152, "fields": {"action_time": "2019-03-13T18:42:13.323Z", "user": 20, "content_type": 6, "object_id": "117", "object_repr": "[ID#117] Dream Home", "action_flag": 3, "change_message": ""}}, {"model": "admin.logentry", "pk": 153, "fields": {"action_time": "2019-03-13T18:42:13.329Z", "user": 20, "content_type": 6, "object_id": "116", "object_repr": "[ID#116] Sherlock Homes", "action_flag": 3, "change_message": ""}}, {"model": "admin.logentry", "pk": 154, "fields": {"action_time": "2019-03-13T18:42:13.335Z", "user": 20, "content_type": 6, "object_id": "115", "object_repr": "[ID#115] Thirst-Sea", "action_flag": 3, "change_message": ""}}, {"model": "admin.logentry", "pk": 155, "fields": {"action_time": "2019-03-13T18:42:13.339Z", "user": 20, "content_type": 6, "object_id": "114", "object_repr": "[ID#114] Club.io", "action_flag": 3, "change_message": ""}}, {"model": "admin.logentry", "pk": 156, "fields": {"action_time": "2019-03-13T18:42:13.343Z", "user": 20, "content_type": 6, "object_id": "113", "object_repr": "[ID#113] Scheduler", "action_flag": 3, "change_message": ""}}, {"model": "admin.logentry", "pk": 157, "fields": {"action_time": "2019-03-13T18:42:13.349Z", "user": 20, "content_type": 6, "object_id": "112", "object_repr": "[ID#112] EcoSave", "action_flag": 3, "change_message": ""}}, {"model": "admin.logentry", "pk": 158, "fields": {"action_time": "2019-03-13T18:42:13.354Z", "user": 20, "content_type": 6, "object_id": "111", "object_repr": "[ID#111] GeoTweets", "action_flag": 3, "change_message": ""}}, {"model": "admin.logentry", "pk": 159, "fields": {"action_time": "2019-03-13T18:42:13.358Z", "user": 20, "content_type": 6, "object_id": "110", "object_repr": "[ID#110] YAKChain", "action_flag": 3, "change_message": ""}}, {"model": "admin.logentry", "pk": 160, "fields": {"action_time": "2019-03-13T18:42:13.362Z", "user": 20, "content_type": 6, "object_id": "109", "object_repr": "[ID#109] Discovereat", "action_flag": 3, "change_message": ""}}, {"model": "admin.logentry", "pk": 161, "fields": {"action_time": "2019-03-13T18:42:13.370Z", "user": 20, "content_type": 6, "object_id": "108", "object_repr": "[ID#108] NeighborhoodIQ", "action_flag": 3, "change_message": ""}}, {"model": "admin.logentry", "pk": 162, "fields": {"action_time": "2019-03-13T18:42:13.376Z", "user": 20, "content_type": 6, "object_id": "107", "object_repr": "[ID#107] Health Assurance", "action_flag": 3, "change_message": ""}}, {"model": "admin.logentry", "pk": 163, "fields": {"action_time": "2019-03-13T18:42:13.384Z", "user": 20, "content_type": 6, "object_id": "106", "object_repr": "[ID#106] Dyslexia Diagnostic", "action_flag": 3, "change_message": ""}}, {"model": "admin.logentry", "pk": 164, "fields": {"action_time": "2019-03-13T18:42:13.388Z", "user": 20, "content_type": 6, "object_id": "105", "object_repr": "[ID#105] HooHacksProject", "action_flag": 3, "change_message": ""}}, {"model": "admin.logentry", "pk": 165, "fields": {"action_time": "2019-03-13T18:42:13.394Z", "user": 20, "content_type": 6, "object_id": "104", "object_repr": "[ID#104] Store Placer", "action_flag": 3, "change_message": ""}}, {"model": "admin.logentry", "pk": 166, "fields": {"action_time": "2019-03-13T18:42:13.400Z", "user": 20, "content_type": 6, "object_id": "103", "object_repr": "[ID#103] The Ultimate Just a Bill Experience", "action_flag": 3, "change_message": ""}}, {"model": "admin.logentry", "pk": 167, "fields": {"action_time": "2019-03-13T18:42:13.404Z", "user": 20, "content_type": 6, "object_id": "102", "object_repr": "[ID#102] FoodShare", "action_flag": 3, "change_message": ""}}, {"model": "admin.logentry", "pk": 168, "fields": {"action_time": "2019-03-13T18:42:13.408Z", "user": 20, "content_type": 6, "object_id": "101", "object_repr": "[ID#101] Command and Supply", "action_flag": 3, "change_message": ""}}, {"model": "admin.logentry", "pk": 169, "fields": {"action_time": "2019-03-13T18:42:13.414Z", "user": 20, "content_type": 6, "object_id": "100", "object_repr": "[ID#100] StudySaver", "action_flag": 3, "change_message": ""}}, {"model": "admin.logentry", "pk": 170, "fields": {"action_time": "2019-03-13T18:42:13.419Z", "user": 20, "content_type": 6, "object_id": "99", "object_repr": "[ID#99] Clear Skies", "action_flag": 3, "change_message": ""}}, {"model": "admin.logentry", "pk": 171, "fields": {"action_time": "2019-03-13T18:42:13.423Z", "user": 20, "content_type": 6, "object_id": "98", "object_repr": "[ID#98] MaiLing", "action_flag": 3, "change_message": ""}}, {"model": "admin.logentry", "pk": 172, "fields": {"action_time": "2019-03-13T18:42:13.427Z", "user": 20, "content_type": 6, "object_id": "97", "object_repr": "[ID#97] AutoSort.it", "action_flag": 3, "change_message": ""}}, {"model": "admin.logentry", "pk": 173, "fields": {"action_time": "2019-03-13T18:42:13.433Z", "user": 20, "content_type": 6, "object_id": "96", "object_repr": "[ID#96] Discovering Risk Factors through Machine Learning", "action_flag": 3, "change_message": ""}}, {"model": "admin.logentry", "pk": 174, "fields": {"action_time": "2019-03-13T18:42:13.438Z", "user": 20, "content_type": 6, "object_id": "95", "object_repr": "[ID#95] SICKO CODE", "action_flag": 3, "change_message": ""}}, {"model": "admin.logentry", "pk": 175, "fields": {"action_time": "2019-03-13T18:42:13.443Z", "user": 20, "content_type": 6, "object_id": "94", "object_repr": "[ID#94] Neumi", "action_flag": 3, "change_message": ""}}, {"model": "admin.logentry", "pk": 176, "fields": {"action_time": "2019-03-13T18:42:13.448Z", "user": 20, "content_type": 6, "object_id": "93", "object_repr": "[ID#93] slant", "action_flag": 3, "change_message": ""}}, {"model": "admin.logentry", "pk": 177, "fields": {"action_time": "2019-03-13T18:42:13.455Z", "user": 20, "content_type": 6, "object_id": "92", "object_repr": "[ID#92] Multiplayer DeathRace", "action_flag": 3, "change_message": ""}}, {"model": "admin.logentry", "pk": 178, "fields": {"action_time": "2019-03-13T18:42:13.460Z", "user": 20, "content_type": 6, "object_id": "91", "object_repr": "[ID#91] Transception", "action_flag": 3, "change_message": ""}}, {"model": "admin.logentry", "pk": 179, "fields": {"action_time": "2019-03-13T18:42:13.466Z", "user": 20, "content_type": 6, "object_id": "90", "object_repr": "[ID#90] ReceiptScanner", "action_flag": 3, "change_message": ""}}, {"model": "admin.logentry", "pk": 180, "fields": {"action_time": "2019-03-13T18:42:13.471Z", "user": 20, "content_type": 6, "object_id": "89", "object_repr": "[ID#89] Latticode", "action_flag": 3, "change_message": ""}}, {"model": "admin.logentry", "pk": 181, "fields": {"action_time": "2019-03-13T18:42:13.477Z", "user": 20, "content_type": 6, "object_id": "88", "object_repr": "[ID#88] incentivised_recycling", "action_flag": 3, "change_message": ""}}, {"model": "admin.logentry", "pk": 182, "fields": {"action_time": "2019-03-13T18:42:13.484Z", "user": 20, "content_type": 6, "object_id": "87", "object_repr": "[ID#87] Data Visualization", "action_flag": 3, "change_message": ""}}, {"model": "admin.logentry", "pk": 183, "fields": {"action_time": "2019-03-13T18:42:13.488Z", "user": 20, "content_type": 6, "object_id": "86", "object_repr": "[ID#86] hooshealthy", "action_flag": 3, "change_message": ""}}, {"model": "admin.logentry", "pk": 184, "fields": {"action_time": "2019-03-13T18:42:13.492Z", "user": 20, "content_type": 6, "object_id": "85", "object_repr": "[ID#85] Quick Pic", "action_flag": 3, "change_message": ""}}, {"model": "admin.logentry", "pk": 185, "fields": {"action_time": "2019-03-13T18:42:13.499Z", "user": 20, "content_type": 6, "object_id": "84", "object_repr": "[ID#84] COBA", "action_flag": 3, "change_message": ""}}, {"model": "admin.logentry", "pk": 186, "fields": {"action_time": "2019-03-13T18:42:13.505Z", "user": 20, "content_type": 6, "object_id": "83", "object_repr": "[ID#83] Page", "action_flag": 3, "change_message": ""}}, {"model": "admin.logentry", "pk": 187, "fields": {"action_time": "2019-03-13T18:42:13.511Z", "user": 20, "content_type": 6, "object_id": "82", "object_repr": "[ID#82] NLP-tagged Coding Project Database", "action_flag": 3, "change_message": ""}}, {"model": "admin.logentry", "pk": 188, "fields": {"action_time": "2019-03-13T18:42:13.516Z", "user": 20, "content_type": 6, "object_id": "81", "object_repr": "[ID#81] Statera", "action_flag": 3, "change_message": ""}}, {"model": "admin.logentry", "pk": 189, "fields": {"action_time": "2019-03-13T18:42:13.521Z", "user": 20, "content_type": 6, "object_id": "80", "object_repr": "[ID#80] TakeoffTime", "action_flag": 3, "change_message": ""}}, {"model": "admin.logentry", "pk": 190, "fields": {"action_time": "2019-03-13T18:42:13.526Z", "user": 20, "content_type": 6, "object_id": "79", "object_repr": "[ID#79] Clever Loans", "action_flag": 3, "change_message": ""}}, {"model": "admin.logentry", "pk": 191, "fields": {"action_time": "2019-03-13T18:42:13.531Z", "user": 20, "content_type": 6, "object_id": "78", "object_repr": "[ID#78] Virtual Realestate", "action_flag": 3, "change_message": ""}}, {"model": "admin.logentry", "pk": 192, "fields": {"action_time": "2019-03-13T18:42:13.536Z", "user": 20, "content_type": 6, "object_id": "77", "object_repr": "[ID#77] BudgetFlow", "action_flag": 3, "change_message": ""}}, {"model": "admin.logentry", "pk": 193, "fields": {"action_time": "2019-03-13T18:42:13.542Z", "user": 20, "content_type": 6, "object_id": "76", "object_repr": "[ID#76] Encrpytion with a Twist", "action_flag": 3, "change_message": ""}}, {"model": "admin.logentry", "pk": 194, "fields": {"action_time": "2019-03-13T18:42:13.548Z", "user": 20, "content_type": 6, "object_id": "75", "object_repr": "[ID#75] CupaNooWords", "action_flag": 3, "change_message": ""}}, {"model": "admin.logentry", "pk": 195, "fields": {"action_time": "2019-03-13T18:42:13.553Z", "user": 20, "content_type": 6, "object_id": "74", "object_repr": "[ID#74] Minute to Bin It!", "action_flag": 3, "change_message": ""}}, {"model": "admin.logentry", "pk": 196, "fields": {"action_time": "2019-03-13T18:42:13.557Z", "user": 20, "content_type": 6, "object_id": "73", "object_repr": "[ID#73] Hoos Finances", "action_flag": 3, "change_message": ""}}, {"model": "admin.logentry", "pk": 197, "fields": {"action_time": "2019-03-13T18:42:13.562Z", "user": 20, "content_type": 6, "object_id": "72", "object_repr": "[ID#72] RecMe", "action_flag": 3, "change_message": ""}}, {"model": "admin.logentry", "pk": 198, "fields": {"action_time": "2019-03-13T18:42:13.568Z", "user": 20, "content_type": 6, "object_id": "71", "object_repr": "[ID#71] fresh", "action_flag": 3, "change_message": ""}}, {"model": "admin.logentry", "pk": 199, "fields": {"action_time": "2019-03-13T18:42:13.572Z", "user": 20, "content_type": 6, "object_id": "70", "object_repr": "[ID#70] Recipes, Sensibly", "action_flag": 3, "change_message": ""}}, {"model": "admin.logentry", "pk": 200, "fields": {"action_time": "2019-03-13T18:42:13.577Z", "user": 20, "content_type": 6, "object_id": "69", "object_repr": "[ID#69] PayUp", "action_flag": 3, "change_message": ""}}, {"model": "admin.logentry", "pk": 201, "fields": {"action_time": "2019-03-13T18:42:13.585Z", "user": 20, "content_type": 6, "object_id": "68", "object_repr": "[ID#68] neighborHOOs", "action_flag": 3, "change_message": ""}}, {"model": "admin.logentry", "pk": 202, "fields": {"action_time": "2019-03-13T18:42:13.590Z", "user": 20, "content_type": 6, "object_id": "67", "object_repr": "[ID#67] InstaMed", "action_flag": 3, "change_message": ""}}, {"model": "admin.logentry", "pk": 203, "fields": {"action_time": "2019-03-13T18:42:13.595Z", "user": 20, "content_type": 6, "object_id": "66", "object_repr": "[ID#66] CyberStress", "action_flag": 3, "change_message": ""}}, {"model": "admin.logentry", "pk": 204, "fields": {"action_time": "2019-03-13T18:42:13.601Z", "user": 20, "content_type": 6, "object_id": "65", "object_repr": "[ID#65] Treat Yourself.", "action_flag": 3, "change_message": ""}}, {"model": "admin.logentry", "pk": 205, "fields": {"action_time": "2019-03-13T18:42:13.607Z", "user": 20, "content_type": 6, "object_id": "64", "object_repr": "[ID#64] Readceipt", "action_flag": 3, "change_message": ""}}, {"model": "admin.logentry", "pk": 206, "fields": {"action_time": "2019-03-13T18:42:13.612Z", "user": 20, "content_type": 6, "object_id": "63", "object_repr": "[ID#63] Budget IO", "action_flag": 3, "change_message": ""}}, {"model": "admin.logentry", "pk": 207, "fields": {"action_time": "2019-03-13T18:42:13.617Z", "user": 20, "content_type": 6, "object_id": "62", "object_repr": "[ID#62] Panscribe", "action_flag": 3, "change_message": ""}}, {"model": "admin.logentry", "pk": 208, "fields": {"action_time": "2019-03-13T18:42:13.622Z", "user": 20, "content_type": 6, "object_id": "61", "object_repr": "[ID#61] HooNaps", "action_flag": 3, "change_message": ""}}, {"model": "admin.logentry", "pk": 209, "fields": {"action_time": "2019-03-13T18:42:13.629Z", "user": 20, "content_type": 6, "object_id": "60", "object_repr": "[ID#60] Mem-Zero", "action_flag": 3, "change_message": ""}}, {"model": "admin.logentry", "pk": 210, "fields": {"action_time": "2019-03-13T18:42:13.636Z", "user": 20, "content_type": 6, "object_id": "59", "object_repr": "[ID#59] Split", "action_flag": 3, "change_message": ""}}, {"model": "admin.logentry", "pk": 211, "fields": {"action_time": "2019-03-13T18:42:13.640Z", "user": 20, "content_type": 6, "object_id": "58", "object_repr": "[ID#58] FitFinder", "action_flag": 3, "change_message": ""}}, {"model": "admin.logentry", "pk": 212, "fields": {"action_time": "2019-03-13T18:42:13.644Z", "user": 20, "content_type": 6, "object_id": "57", "object_repr": "[ID#57] EcoTouch", "action_flag": 3, "change_message": ""}}, {"model": "admin.logentry", "pk": 213, "fields": {"action_time": "2019-03-13T18:42:13.651Z", "user": 20, "content_type": 6, "object_id": "56", "object_repr": "[ID#56] RapidAid", "action_flag": 3, "change_message": ""}}, {"model": "admin.logentry", "pk": 214, "fields": {"action_time": "2019-03-13T18:42:13.657Z", "user": 20, "content_type": 6, "object_id": "55", "object_repr": "[ID#55] Immersive Language Education Environment", "action_flag": 3, "change_message": ""}}, {"model": "admin.logentry", "pk": 215, "fields": {"action_time": "2019-03-13T18:42:13.661Z", "user": 20, "content_type": 6, "object_id": "54", "object_repr": "[ID#54] Ludi_Bot", "action_flag": 3, "change_message": ""}}, {"model": "admin.logentry", "pk": 216, "fields": {"action_time": "2019-03-13T18:42:13.667Z", "user": 20, "content_type": 6, "object_id": "53", "object_repr": "[ID#53] Block Brawl", "action_flag": 3, "change_message": ""}}, {"model": "admin.logentry", "pk": 217, "fields": {"action_time": "2019-03-13T18:42:13.674Z", "user": 20, "content_type": 6, "object_id": "52", "object_repr": "[ID#52] NoteNodes", "action_flag": 3, "change_message": ""}}, {"model": "admin.logentry", "pk": 218, "fields": {"action_time": "2019-03-13T18:42:13.679Z", "user": 20, "content_type": 6, "object_id": "51", "object_repr": "[ID#51] spoticode", "action_flag": 3, "change_message": ""}}, {"model": "admin.logentry", "pk": 219, "fields": {"action_time": "2019-03-13T18:42:13.684Z", "user": 20, "content_type": 6, "object_id": "50", "object_repr": "[ID#50] DuckWeb", "action_flag": 3, "change_message": ""}}, {"model": "admin.logentry", "pk": 220, "fields": {"action_time": "2019-03-13T18:42:13.688Z", "user": 20, "content_type": 6, "object_id": "49", "object_repr": "[ID#49] Helping Minds", "action_flag": 3, "change_message": ""}}, {"model": "admin.logentry", "pk": 221, "fields": {"action_time": "2019-03-13T18:42:13.694Z", "user": 20, "content_type": 6, "object_id": "48", "object_repr": "[ID#48] The Alphabet Game", "action_flag": 3, "change_message": ""}}, {"model": "admin.logentry", "pk": 222, "fields": {"action_time": "2019-03-13T18:42:13.700Z", "user": 20, "content_type": 6, "object_id": "47", "object_repr": "[ID#47] MLHcribs", "action_flag": 3, "change_message": ""}}, {"model": "admin.logentry", "pk": 223, "fields": {"action_time": "2019-03-13T18:42:13.704Z", "user": 20, "content_type": 6, "object_id": "46", "object_repr": "[ID#46] UwUndercover", "action_flag": 3, "change_message": ""}}, {"model": "admin.logentry", "pk": 224, "fields": {"action_time": "2019-03-13T18:42:13.708Z", "user": 20, "content_type": 6, "object_id": "45", "object_repr": "[ID#45] Scarab Investment Research", "action_flag": 3, "change_message": ""}}, {"model": "admin.logentry", "pk": 225, "fields": {"action_time": "2019-03-13T18:42:13.715Z", "user": 20, "content_type": 6, "object_id": "44", "object_repr": "[ID#44] show me the receipts!", "action_flag": 3, "change_message": ""}}, {"model": "admin.logentry", "pk": 226, "fields": {"action_time": "2019-03-13T18:42:13.724Z", "user": 20, "content_type": 6, "object_id": "43", "object_repr": "[ID#43] LoanAdmin", "action_flag": 3, "change_message": ""}}, {"model": "admin.logentry", "pk": 227, "fields": {"action_time": "2019-03-13T18:42:13.731Z", "user": 20, "content_type": 6, "object_id": "42", "object_repr": "[ID#42] Finance Tracker", "action_flag": 3, "change_message": ""}}, {"model": "admin.logentry", "pk": 228, "fields": {"action_time": "2019-03-13T18:42:13.741Z", "user": 20, "content_type": 6, "object_id": "41", "object_repr": "[ID#41] ClasSIS", "action_flag": 3, "change_message": ""}}, {"model": "admin.logentry", "pk": 229, "fields": {"action_time": "2019-03-13T18:42:13.751Z", "user": 20, "content_type": 6, "object_id": "40", "object_repr": "[ID#40] SubResponsibly", "action_flag": 3, "change_message": ""}}, {"model": "admin.logentry", "pk": 230, "fields": {"action_time": "2019-03-13T18:42:13.756Z", "user": 20, "content_type": 6, "object_id": "39", "object_repr": "[ID#39] Base Converter Puzzle", "action_flag": 3, "change_message": ""}}, {"model": "admin.logentry", "pk": 231, "fields": {"action_time": "2019-03-13T18:42:13.764Z", "user": 20, "content_type": 6, "object_id": "38", "object_repr": "[ID#38] Welcome Home!", "action_flag": 3, "change_message": ""}}, {"model": "admin.logentry", "pk": 232, "fields": {"action_time": "2019-03-13T18:42:13.775Z", "user": 20, "content_type": 6, "object_id": "37", "object_repr": "[ID#37] Hivemind", "action_flag": 3, "change_message": ""}}, {"model": "admin.logentry", "pk": 233, "fields": {"action_time": "2019-03-13T18:42:13.786Z", "user": 20, "content_type": 6, "object_id": "36", "object_repr": "[ID#36] Auris", "action_flag": 3, "change_message": ""}}, {"model": "admin.logentry", "pk": 234, "fields": {"action_time": "2019-03-13T18:42:13.793Z", "user": 20, "content_type": 6, "object_id": "35", "object_repr": "[ID#35] StudyBuddy", "action_flag": 3, "change_message": ""}}, {"model": "admin.logentry", "pk": 235, "fields": {"action_time": "2019-03-13T18:42:13.802Z", "user": 20, "content_type": 6, "object_id": "34", "object_repr": "[ID#34] Hope Jar", "action_flag": 3, "change_message": ""}}, {"model": "admin.logentry", "pk": 236, "fields": {"action_time": "2019-03-13T18:42:13.807Z", "user": 20, "content_type": 6, "object_id": "33", "object_repr": "[ID#33] UVaAutoScheduler", "action_flag": 3, "change_message": ""}}, {"model": "admin.logentry", "pk": 237, "fields": {"action_time": "2019-03-13T18:42:13.815Z", "user": 20, "content_type": 6, "object_id": "32", "object_repr": "[ID#32] RxMinder", "action_flag": 3, "change_message": ""}}, {"model": "admin.logentry", "pk": 238, "fields": {"action_time": "2019-03-13T18:42:13.826Z", "user": 20, "content_type": 6, "object_id": "31", "object_repr": "[ID#31] Hotspot ", "action_flag": 3, "change_message": ""}}, {"model": "admin.logentry", "pk": 239, "fields": {"action_time": "2019-03-13T18:42:20.067Z", "user": 20, "content_type": 6, "object_id": "30", "object_repr": "[ID#30] Data Alert", "action_flag": 3, "change_message": ""}}, {"model": "admin.logentry", "pk": 240, "fields": {"action_time": "2019-03-13T18:42:20.081Z", "user": 20, "content_type": 6, "object_id": "29", "object_repr": "[ID#29] Hoohacks Hero", "action_flag": 3, "change_message": ""}}, {"model": "admin.logentry", "pk": 241, "fields": {"action_time": "2019-03-13T18:42:20.087Z", "user": 20, "content_type": 6, "object_id": "28", "object_repr": "[ID#28] Hoos Got Food", "action_flag": 3, "change_message": ""}}, {"model": "admin.logentry", "pk": 242, "fields": {"action_time": "2019-03-13T18:42:20.092Z", "user": 20, "content_type": 6, "object_id": "27", "object_repr": "[ID#27] Queery", "action_flag": 3, "change_message": ""}}, {"model": "admin.logentry", "pk": 243, "fields": {"action_time": "2019-03-13T18:42:20.098Z", "user": 20, "content_type": 6, "object_id": "26", "object_repr": "[ID#26] EcoSort", "action_flag": 3, "change_message": ""}}, {"model": "admin.logentry", "pk": 244, "fields": {"action_time": "2019-03-13T18:42:20.104Z", "user": 20, "content_type": 6, "object_id": "25", "object_repr": "[ID#25] face2face", "action_flag": 3, "change_message": ""}}, {"model": "admin.logentry", "pk": 245, "fields": {"action_time": "2019-03-13T18:42:20.108Z", "user": 20, "content_type": 6, "object_id": "24", "object_repr": "[ID#24] ShoMe", "action_flag": 3, "change_message": ""}}, {"model": "admin.logentry", "pk": 246, "fields": {"action_time": "2019-03-13T18:42:20.115Z", "user": 20, "content_type": 6, "object_id": "23", "object_repr": "[ID#23] Insura-ledger", "action_flag": 3, "change_message": ""}}, {"model": "admin.logentry", "pk": 247, "fields": {"action_time": "2019-03-13T18:42:20.121Z", "user": 20, "content_type": 6, "object_id": "22", "object_repr": "[ID#22] Relief Mesh", "action_flag": 3, "change_message": ""}}, {"model": "admin.logentry", "pk": 248, "fields": {"action_time": "2019-03-13T18:42:20.127Z", "user": 20, "content_type": 6, "object_id": "21", "object_repr": "[ID#21] VR Blockcaptain", "action_flag": 3, "change_message": ""}}, {"model": "admin.logentry", "pk": 249, "fields": {"action_time": "2019-03-13T18:42:20.131Z", "user": 20, "content_type": 6, "object_id": "20", "object_repr": "[ID#20] AgroBuddy", "action_flag": 3, "change_message": ""}}, {"model": "admin.logentry", "pk": 250, "fields": {"action_time": "2019-03-13T18:42:20.136Z", "user": 20, "content_type": 6, "object_id": "19", "object_repr": "[ID#19] No-BrainR", "action_flag": 3, "change_message": ""}}, {"model": "admin.logentry", "pk": 251, "fields": {"action_time": "2019-03-13T18:42:20.141Z", "user": 20, "content_type": 6, "object_id": "18", "object_repr": "[ID#18] charifund", "action_flag": 3, "change_message": ""}}, {"model": "admin.logentry", "pk": 252, "fields": {"action_time": "2019-03-13T18:42:20.147Z", "user": 20, "content_type": 6, "object_id": "17", "object_repr": "[ID#17] stepify", "action_flag": 3, "change_message": ""}}, {"model": "admin.logentry", "pk": 253, "fields": {"action_time": "2019-03-13T18:42:20.151Z", "user": 20, "content_type": 6, "object_id": "16", "object_repr": "[ID#16] SimpliCT", "action_flag": 3, "change_message": ""}}, {"model": "admin.logentry", "pk": 254, "fields": {"action_time": "2019-03-13T18:42:20.155Z", "user": 20, "content_type": 6, "object_id": "15", "object_repr": "[ID#15] driveMAS", "action_flag": 3, "change_message": ""}}, {"model": "admin.logentry", "pk": 255, "fields": {"action_time": "2019-03-13T18:42:20.161Z", "user": 20, "content_type": 6, "object_id": "14", "object_repr": "[ID#14] Steppr", "action_flag": 3, "change_message": ""}}, {"model": "admin.logentry", "pk": 256, "fields": {"action_time": "2019-03-13T18:42:20.168Z", "user": 20, "content_type": 6, "object_id": "13", "object_repr": "[ID#13] EcoFlo", "action_flag": 3, "change_message": ""}}, {"model": "admin.logentry", "pk": 257, "fields": {"action_time": "2019-03-13T18:42:20.172Z", "user": 20, "content_type": 6, "object_id": "12", "object_repr": "[ID#12] HexLedger", "action_flag": 3, "change_message": ""}}, {"model": "admin.logentry", "pk": 258, "fields": {"action_time": "2019-03-13T18:42:20.176Z", "user": 20, "content_type": 6, "object_id": "11", "object_repr": "[ID#11] Paper Launchpad", "action_flag": 3, "change_message": ""}}, {"model": "admin.logentry", "pk": 259, "fields": {"action_time": "2019-03-13T18:42:20.182Z", "user": 20, "content_type": 6, "object_id": "10", "object_repr": "[ID#10] MagneTalk", "action_flag": 3, "change_message": ""}}, {"model": "admin.logentry", "pk": 260, "fields": {"action_time": "2019-03-13T18:42:20.188Z", "user": 20, "content_type": 6, "object_id": "9", "object_repr": "[ID#9] DiagnosPics", "action_flag": 3, "change_message": ""}}, {"model": "admin.logentry", "pk": 261, "fields": {"action_time": "2019-03-13T18:42:20.192Z", "user": 20, "content_type": 6, "object_id": "8", "object_repr": "[ID#8] farmaid", "action_flag": 3, "change_message": ""}}, {"model": "admin.logentry", "pk": 262, "fields": {"action_time": "2019-03-13T18:42:20.200Z", "user": 20, "content_type": 6, "object_id": "7", "object_repr": "[ID#7] sober.AI", "action_flag": 3, "change_message": ""}}, {"model": "admin.logentry", "pk": 263, "fields": {"action_time": "2019-03-13T18:42:20.205Z", "user": 20, "content_type": 6, "object_id": "6", "object_repr": "[ID#6] comical", "action_flag": 3, "change_message": ""}}, {"model": "admin.logentry", "pk": 264, "fields": {"action_time": "2019-03-13T18:42:20.211Z", "user": 20, "content_type": 6, "object_id": "5", "object_repr": "[ID#5] Fortress 2", "action_flag": 3, "change_message": ""}}, {"model": "admin.logentry", "pk": 265, "fields": {"action_time": "2019-03-13T18:42:20.217Z", "user": 20, "content_type": 6, "object_id": "4", "object_repr": "[ID#4] Team Edward", "action_flag": 3, "change_message": ""}}, {"model": "admin.logentry", "pk": 266, "fields": {"action_time": "2019-03-13T18:42:20.221Z", "user": 20, "content_type": 6, "object_id": "3", "object_repr": "[ID#3] Team Rocket", "action_flag": 3, "change_message": ""}}, {"model": "admin.logentry", "pk": 267, "fields": {"action_time": "2019-03-13T18:42:20.225Z", "user": 20, "content_type": 6, "object_id": "2", "object_repr": "[ID#2] G.R.O.S.S.", "action_flag": 3, "change_message": ""}}, {"model": "admin.logentry", "pk": 268, "fields": {"action_time": "2019-03-13T18:42:20.231Z", "user": 20, "content_type": 6, "object_id": "1", "object_repr": "[ID#1] Tom & Jerry", "action_flag": 3, "change_message": ""}}]